,index,title,year,director,screenwriter,actors,type,summary,runtime,pubtime,country,language,scoreNum,score,star5,star4,star3,star2,star1,smallCommentNum,longCommentNum,posterurl
0,0,寻梦环游记 Coco,2017,李·昂克里奇/阿德里安·莫利纳,阿德里安·莫利纳/马修·奥尔德里奇/李·昂克里奇/詹森·卡茨,安东尼·冈萨雷斯/盖尔·加西亚·贝纳尔/本杰明·布拉特/阿兰娜·乌巴赫/芮妮·维克托/杰米·卡米尔/阿方索·阿雷奥/赫伯特·西古恩萨/加布里埃尔·伊格莱西亚斯/隆巴多·博伊尔/安娜·奥菲丽亚·莫吉亚/娜塔丽·科尔多瓦/赛琳娜·露娜/爱德华·詹姆斯·奥莫斯/索菲亚·伊斯皮诺萨/卡拉·梅迪纳/黛娅娜·欧特里/路易斯·瓦尔德斯/布兰卡·阿拉切利/萨尔瓦多·雷耶斯/切奇·马林/奥克塔维·索利斯/约翰·拉岑贝格,喜剧/动画/音乐/奇幻,热爱音乐的米格尔（安东尼·冈萨雷兹 Anthony Gonzalez 配音）不幸地出生在一个视音乐为洪水猛兽的大家庭之中，一家人只盼着米格尔快快长大，好继承家里传承了数代的制鞋产业。一年一度的亡灵节即将来临，每逢这一天，去世的亲人们的魂魄便可凭借着摆在祭坛上的照片返回现世和生者团圆。,105分钟,2017-11-24(中国大陆)/2020-07-20(中国大陆重映)/2017-11-22(美国), 美国, 英语 / 西班牙语,1138266.0,9.1,61.7%,31.0%,6.7%,0.4%,0.1%,284122.0,6573.0,https://img9.doubanio.com/view/photo/s_ratio_poster/public/p2614500706.jpg
1,1,羞羞的铁拳,2017,宋阳/张吃鱼,张吃鱼/宋阳,艾伦/马丽/沈腾/田雨/宋阳/薛皓文/常远/黄才伦/王智,喜剧/奇幻,堕落沉沦的MMA选手艾迪生（艾伦 饰）依靠打假拳度日，早已忘记昔日的雄心壮志。某次他和假拳掮客马东（田雨 饰）商议打假赛的时候，不慎被正义感爆棚的体育记者马小（马丽 饰）听到并录音。在追赶马丽的过程中，艾迪生和对方一同跌入游泳池，并遭到雷电的电击。当他们从医院醒来后，发现两人居然互换了身体。在所有复原的办法都失败后，艾迪生只能请求马小代替他去和拳王吴良（薛皓文 饰）——同时也是马小的未婚夫——去打比赛。然而，娘娘的艾迪生和汉子力爆表的马小却闹出了一连串的笑话。,100分钟,2017-09-30(中国大陆), 中国大陆, 汉语普通话,568179.0,6.9,11.0%,34.8%,42.6%,9.4%,2.1%,154952.0,1976.0,https://img1.doubanio.com/view/photo/s_ratio_poster/public/p2499793218.jpg
2,2,战狼2,2017,吴京,吴京/董群/刘毅,吴京/弗兰克·格里罗/吴刚/张翰/卢靖姗/丁海峰/淳于珊珊/余男/于谦/石兆琪/海蒂·莫尼梅克/奥列格·普鲁迪乌斯/艾伦·托尼/赛尔·哈里斯/高明/王森/苇青/程愫/张永达/郭秋成/杜建桥/周冠廷/安·詹姆斯/黛安娜·希拉/孙率航/张馨月/关海龙/安妮塔·斯图尔特/特雷弗·琼斯/奥斯汀·普里斯特/克莱·方特诺特/保罗·艾力卡/丹尼尔·哈格里夫/李镇男/庄小龙/陈云志/肯尼迪,动作/战争,由于一怒杀害了强拆牺牲战友房子的恶霸，屡立功勋的冷锋（吴京 饰）受到军事法庭的判决。在押期间，亲密爱人龙小云壮烈牺牲。出狱后，冷锋辗转来到非洲，他辗转各地，只为寻找杀害小云的凶手。在此期间，冷锋逗留的国家发生叛乱，叛徒红巾军大开杀戒，血流成河。中国派出海军执行撤侨任务，期间冷锋得知有一位陈博士被困在五十五公里外的医院，而叛军则试图抓住这位博士。而从另一位华侨（于谦 饰）口中得知，杀害小云的凶手正待在这个国家。,123分钟,2017-07-27(中国大陆), 中国大陆, 汉语普通话 / 英语,748402.0,7.1,19.8%,34.5%,31.4%,8.7%,5.5%,244564.0,9654.0,https://img9.doubanio.com/view/photo/s_ratio_poster/public/p2494701965.jpg
3,3,芳华,2017,冯小刚,严歌苓,黄轩/苗苗/钟楚曦/杨采钰/李晓峰/王天辰/王可如/隋源/张仁博/苏岩/张国立/赵立新,剧情/历史/战争,故事发生在上世纪七十年代，寄人篱下的少女何小萍（苗苗 饰）经过重重试炼终于加入了梦寐以求的文工团，哪知道这里和她曾经待过的那些地方并无不同，她依然得忍受遭人唾弃和欺侮的生活。唯一给过她温暖的，是刘峰（黄轩 饰），不仅仅是对何小萍，被称为“活雷锋”的刘峰把自己的爱情和温暖无私的奉献给每一个人。,136分钟,2017-12-15(中国大陆)/2017-09-07(多伦多电影节), 中国大陆, 汉语普通话,673595.0,7.7,21.1%,46.2%,27.9%,3.9%,1.0%,192336.0,11915.0,https://img3.doubanio.com/view/photo/s_ratio_poster/public/p2507227732.jpg
4,4,银河护卫队2 Guardians of the Galaxy Vol. 2,2017,詹姆斯·古恩,詹姆斯·古恩/丹·阿布内特/安迪·兰宁,克里斯·帕拉特/佐伊·索尔达娜/戴夫·巴蒂斯塔/范·迪塞尔/布莱德利·库珀/凯伦·吉兰/迈克尔·鲁克/庞·克莱门捷夫/伊丽莎白·德比茨基/肖恩·古恩/库尔特·拉塞尔/克里斯·沙利文/大卫·哈塞尔霍夫/西尔维斯特·史泰龙/杨紫琼,动作/科幻/冒险,火箭浣熊（布莱德利·库珀 Bradley Cooper 饰）偷走了大祭司阿耶莎（伊丽莎白·德比齐 Elizabeth Debicki 饰）的能量电池，包括星爵（克里斯·帕拉特 Chris Pratt 饰）、卡魔拉（佐伊·索尔达娜 Zoe Saldana 饰）、德拉克斯（戴夫·巴蒂斯塔 Dave Bautista 饰）在内的一行人遭到了后者派出的舰队的袭击。一个神秘人物乘坐着飞船救下了银河护卫队的众人，而驾驶着飞船的不是别人，竟然正是星爵的亲生父亲伊戈（库尔特·拉塞尔 Kurt Russell 饰）。,136分钟,2017-05-05(中国大陆/美国)/2017-04-19(洛杉矶首映), 美国, 英语,386710.0,8.0,28.2%,46.9%,22.2%,2.3%,0.4%,88205.0,1008.0,https://img9.doubanio.com/view/photo/s_ratio_poster/public/p2455261804.jpg
5,5,蜘蛛侠：英雄归来 Spider-Man: Homecoming,2017,乔·沃茨,约翰·弗朗西斯·戴利/史蒂夫·迪特寇/乔纳森·M·戈尔茨坦/斯坦·李,汤姆·赫兰德/小罗伯特·唐尼/玛丽莎·托梅/迈克尔·基顿/雅各布·巴特朗/托尼·雷沃罗利/赞达亚/乔恩·费儒/亚伯拉罕·阿塔哈/劳拉·哈里尔/迈克尔·巴尔别里/罗根·马歇尔-格林/马丁·斯塔尔/唐纳德·格洛弗/汉尼拔·布勒斯/迈克尔·曼多/博基姆·伍德拜因/肯尼斯·崔/詹妮弗·康纳利/格温妮斯·帕特洛/克里斯·埃文斯,动作/科幻/冒险,彼得帕克（汤姆·赫兰德 Tom Holland 饰）在内战后受到了钢铁侠托尼斯塔克（小罗伯特·唐尼 Robert Downey Jr. 饰）的赏识，表面上，彼得进入托尼的公司成为了一名实习生，实际上，他和复仇者联盟的成员们一起接受了各种各样的训练。托尼虽然欣赏彼得的勇敢和正直，却并不认为他目前已经拥有加入复联的实力，他派出了特工哈皮（乔恩·费儒 Jon Favreau 饰）暗中观察，这让十分想证明自己的彼得感到万分焦躁。,133分钟,2017-09-08(中国大陆)/2017-06-28(洛杉矶首映)/2017-07-07(美国), 美国, 英语,357284.0,7.4,14.5%,45.3%,35.6%,3.9%,0.7%,85046.0,1179.0,https://img3.doubanio.com/view/photo/s_ratio_poster/public/p2497756471.jpg
6,6,天才枪手 ฉลาดเกมส์โกง,2017,纳塔吾·彭皮里亚,塔妮达·汉塔维瓦塔娜/瓦苏红·皮娅罗姆娜/纳塔吾·彭皮里亚,茱蒂蒙·琼查容苏因/查侬·散顶腾古/依莎亚·贺苏汪/披纳若·苏潘平佑/塔内·瓦拉库努娄/莎琳雷特·托马斯/伊戈·米基塔斯/帕辛·宽萨塔彭/萨哈贾克·波斯安吉特/坎嘉娜·维耐潘尼/育塔彭·瓦拉努科洛楚/诺帕瓦特·里基特王,剧情/悬疑/犯罪,影片根据2014年轰动一时的亚洲考场作弊案改编，讲述了天才学霸利用高智商考场作弊牟取暴利的故事。出生平凡的天才少女Lynn（茱蒂蒙·琼查容苏因 饰）在进入贵族学校后，结识了富二代同学Grace（依莎亚·贺苏汪饰）与Pat（披纳若·苏潘平佑饰），从此开始了考场作弊生涯，与此同时，另一名记忆力极佳的天才学霸Bank（查侬·散顶腾古 饰）发现了Lynn不为人知的“交易”。经过多场险象环生的“作弊战争”后，Lynn接下最后一单在国际考场上为富家子弟作弊的天价委托。一场横跨两大洲的完美作弊方案横空出世，然而一切并不像他们想的那么简单……,130分钟,2017-10-13(中国大陆)/2017-05-03(泰国), 泰国, 泰语 / 英语,582535.0,8.2,28.5%,53.4%,16.7%,1.1%,0.2%,149135.0,3943.0,https://img9.doubanio.com/view/photo/s_ratio_poster/public/p2501863104.jpg
7,7,妖猫传,2017,陈凯歌,王蕙玲/陈凯歌/梦枕貘,黄轩/染谷将太/张雨绮/秦昊/张榕容/刘昊然/欧豪/张鲁一/阿部宽/田雨/刘佩琦/辛柏青/成泰燊/李淳/秦怡/松坂庆子/张天爱/周中和/火野正平/夏楠/陈旭/王迪/宋运成,剧情/悬疑/奇幻/古装,故事发生在盛唐时期的长安城，白乐天（黄轩 饰）本是朝廷要官，却为了收集写诗的素材而甘愿被贬为起居郎。长安城内连连发生离奇的死亡事件，就连当今圣上也难逃厄运离奇身亡，这一切都和一只神出鬼没的妖猫有关。日本僧人空海（染谷将太 饰）本为了替皇帝解咒远渡重洋而来，却和白乐天意气相投，两人决心携手调查案件真相。,129分钟(中国大陆),2017-12-22(中国大陆)/2018-02-24(日本), 中国大陆 / 日本, 汉语普通话 / 日语,592660.0,6.9,13.2%,36.0%,38.3%,9.5%,2.9%,206449.0,7741.0,https://img1.doubanio.com/view/photo/s_ratio_poster/public/p2530249558.jpg
8,8,请以你的名字呼唤我 Call Me by Your Name,2017,卢卡·瓜达尼诺,詹姆斯·伊沃里/安德列·艾席蒙,艾米·汉莫/蒂莫西·柴勒梅德/迈克尔·斯图巴/阿蜜拉·卡萨/艾斯特·加瑞尔/维克图瓦尔·杜布瓦/旺妲·卡布里奥罗/安东尼奥·里莫尔迪/埃琳娜·布奇/马可·斯格罗索/安德列·艾席蒙/彼得·斯皮尔斯,剧情/爱情/同性,故事发生在八十年代的意大利里维埃拉，每年夏天，十七岁的少年艾力奥（提莫西·查拉梅 Timothée Chalamet 饰）都会跟家人一起来此地度假。今年，和他们共享假日时光的，还有来自美国的奥利弗（艾米·汉莫 Armie Hammer 饰），高大英俊热情开朗的奥利弗很快就获得了艾力奥一家人的喜爱。,132分钟,2017-01-22(圣丹斯电影节)/2017-11-24(美国), 意大利 / 法国 / 巴西 / 美国 / 荷兰 / 德国, 英语 / 意大利语 / 法语 / 德语 / 希伯来语,474435.0,8.9,56.2%,33.1%,9.3%,1.0%,0.4%,142443.0,4067.0,https://img3.doubanio.com/view/photo/s_ratio_poster/public/p2505525050.jpg
9,9,雷神3：诸神黄昏 Thor: Ragnarok,2017,塔伊加·维迪提,埃里克·皮尔森/克雷格·凯尔/克里斯托弗·约斯特/斯坦·李/拉里·利伯/杰克·科比,克里斯·海姆斯沃斯/汤姆·希德勒斯顿/凯特·布兰切特/伊德里斯·艾尔巴/杰夫·高布伦/泰莎·汤普森/卡尔·厄本/马克·鲁弗洛/安东尼·霍普金斯/本尼迪克特·康伯巴奇/塔伊加·维迪提/瑞切尔·豪斯/克兰西·布朗/浅野忠信/雷·史蒂文森/扎克瑞·莱维/卢克·海姆斯沃斯/马特·达蒙/山姆·尼尔/夏洛特·尼克道/斯坦·李,动作/奇幻/冒险,在“索科维亚战役”两年后，雷神索尔（克里斯·海姆斯沃斯 Chris Hemsworth 饰）识破了洛基（汤姆·希德勒斯顿 Tom Hiddleston 饰）的伪装，辗转找到了被放逐到地球的奥丁（安东尼·霍普金斯 Anthony Hopkins 饰）。然而垂死的奥丁却告知两个儿子，“诸神的黄昏”已经开始，曾遭到奥丁封禁的死亡女神海拉（凯特·布兰切特 Cate Blanchett 饰）即将重返阿斯加德。与海拉的初次对决中，索尔失去了雷神之锤，他和洛基也被打落至混乱不堪的萨卡星。在萨卡的决斗场上，索尔重逢失踪许久的绿巨人，也见到了曾从海拉魔爪下逃得一生的女武神。,130分钟,2017-11-03(美国/中国大陆)/2017-10-24(英国), 美国, 英语,349274.0,7.4,16.2%,44.4%,34.4%,4.3%,0.7%,82591.0,965.0,https://img9.doubanio.com/view/photo/s_ratio_poster/public/p2500451074.jpg
10,10,乘风破浪,2017,韩寒,韩寒,邓超/彭于晏/赵丽颖/董子健/金士杰/易小星/张本煜/李荣浩/高华阳/李淳/孙伊涵/熊黎/李春嫒/潘米/小马达/金毛期期/孙启恒/孙强/彭菲茗/贾川西/张国庆/程诚/白珞力/方励/郭佳杰/冷海铭,剧情/喜剧,赛车手阿浪（邓超 饰）一直对父亲（彭于晏 饰）反对自己的赛车事业耿耿于怀，在向父亲证明自己的过程中，阿浪却意外卷入了一场奇妙的冒险。他在这段经历中结识了一群兄弟好友，一同闯过许多奇幻的经历，也对自己的身世有了更多的了解。,102分钟,2017-01-28(中国大陆), 中国大陆, 汉语普通话,480761.0,6.8,11.0%,33.5%,42.1%,10.1%,3.3%,139293.0,4664.0,https://img1.doubanio.com/view/photo/s_ratio_poster/public/p2408407697.jpg
11,11,奇迹男孩 Wonder,2017,斯蒂芬·卓博斯基,斯蒂芬·卓博斯基/斯蒂夫·康拉德/杰克·索恩/R·J·帕拉西奥,雅各布·特伦布莱/朱莉娅·罗伯茨/伊扎贝拉·维多维奇/欧文·威尔逊/诺亚·尤佩/丹妮尔·罗丝·拉塞尔/纳吉·杰特/戴维德·迪格斯/曼迪·帕廷金/布莱斯·吉扎尔/艾尔·麦金农/泰·孔西利奥/詹姆斯·休斯/凯尔·布瑞特科夫/米莉·戴维斯/莉娅·朱厄特/凯琳·布瑞特科夫/利亚姆·迪金森/艾玛·特伦布莱/马克·多兹劳/鲁奇娅·伯纳德/J·道格拉斯·斯图瓦特/阿里·利伯特/埃丽卡·麦基特里克/本杰明·拉特纳/杰森·麦金农/索尼娅·布拉加/吉洁特,剧情/家庭/儿童,奥吉（雅各布·特瑞布雷 Jacob Tremblay 饰）是一个10岁的男孩，除了头戴一个巨大的太空头盔外，他和其他的同年龄孩子别无二致。头盔下隐藏了奥吉因为各种手术而伤痕累累的脸庞，它不仅完美的隐藏起了奥吉脆弱自卑的内心，也成功的防止了奥吉的模样吓到别的孩子。,113分钟,2018-01-19(中国大陆)/2017-11-17(美国), 美国 / 中国香港, 英语,429639.0,8.6,44.4%,43.7%,11.2%,0.6%,0.1%,109290.0,2802.0,https://img1.doubanio.com/view/photo/s_ratio_poster/public/p2507709428.jpg
12,12,"三块广告牌 Three Billboards Outside Ebbing, Missouri",2017,马丁·麦克唐纳,马丁·麦克唐纳,弗兰西斯·麦克多蒙德/伍迪·哈里森/山姆·洛克威尔/艾比·考尼什/卢卡斯·赫奇斯/彼特·丁拉基/约翰·浩克斯/卡赖伯·兰德里·琼斯/凯瑟琳·纽顿/凯瑞·康顿/泽利科·伊万内克/萨玛拉·维文/克拉克·彼得斯/尼克·瑟西/阿曼达·沃伦/玛拉雅·瑞沃拉·德鲁 /布兰登·萨克斯顿/迈克尔·艾伦·米利甘,剧情/犯罪,米尔德雷德（弗兰西斯·麦克多蒙德 Frances McDormand 饰）的女儿在外出时惨遭奸杀，米尔德雷德和丈夫查理（约翰·哈克斯 John Hawkes 饰）之间的婚姻因此走到了尽头，如今，她同儿子罗比（卢卡斯·赫奇斯 Lucas Hedges饰）过着相依为命的生活。一晃眼几个月过去了，案件仍然没有告破预兆，而警方似乎早已经将注意力从案子上转移了开来。,115分钟,2018-03-02(中国大陆)/2017-09-04(威尼斯电影节)/2017-12-01(美国), 美国 / 英国, 英语,621852.0,8.7,46.3%,43.4%,9.4%,0.7%,0.2%,147549.0,3832.0,https://img1.doubanio.com/view/photo/s_ratio_poster/public/p2510081688.jpg
13,13,神秘巨星 Secret Superstar,2017,阿德瓦·香登,阿德瓦·香登,塞伊拉·沃西/梅·维贾/阿米尔·汗/拉杰·阿晶/提斯·沙马/卡比尔·谢赫/法如克·贾法尔/马努杰·沙玛/莫娜·安伯加卡尔/尼基塔·阿南德/尚/莫纳利·塔库尔,剧情/音乐,少女伊西亚（塞伊拉·沃西 Zaira Wasim 饰）拥有着一副天生的好嗓子，对唱歌充满了热爱的她做梦都想成为一名歌星。然而，伊西亚生活在一个不自由的家庭之中，母亲娜吉玛（梅·维贾 Meher Vij 饰）常常遭到性格爆裂独断专横的父亲法鲁克（拉杰·阿晶 Raj Arjun 饰）的拳脚相向，伊西亚知道，想让父亲支持自己的音乐梦想是完全不可能的事情。,150分钟,2018-01-19(中国大陆)/2017-10-18(印度), 印度, 印地语 / 英语,356829.0,7.7,23.3%,44.7%,27.9%,3.5%,0.7%,102025.0,4009.0,https://img3.doubanio.com/view/photo/s_ratio_poster/public/p2508925590.jpg
14,14,至暗时刻 Darkest Hour,2017,乔·赖特,安东尼·麦卡滕,加里·奥德曼/克里斯汀·斯科特·托马斯/莉莉·詹姆斯/本·门德尔森/斯蒂芬·迪兰/萨缪尔·韦斯特/汉娜·斯蒂尔/罗纳德·皮卡普/乔丹·沃勒/理查德·拉姆斯登/安娜·伯内特/尼古拉斯·琼斯/查理·帕尔默·罗斯韦尔/布赖恩·佩蒂福/菲利普·马丁·布朗/安杰莉克·琼/希尔顿·麦克雷/詹姆斯·伊莱斯/杰瑞米·查亚德/马汀·麦格/迈克尔·海登/迈克尔·博特/皮普·托伦斯,剧情/传记/历史/战争,影片讲述英国首相丘吉尔在作为首相期间面临的最重要的审判：是向纳粹妥协做俘虏，还是团结人民群起反抗？丘吉尔将集结整个国家为自由奋战，试图改变世界历史进程，度过黎明前的黑暗。,125分钟,2017-12-01(中国大陆)/2017-09-01(特柳赖德电影节)/2018-01-12(英国), 英国 / 美国, 英语,275410.0,8.6,41.7%,46.4%,11.1%,0.7%,0.2%,73225.0,1439.0,https://img3.doubanio.com/view/photo/s_ratio_poster/public/p2504277551.jpg
15,15,一条狗的使命 A Dog's Purpose,2017,拉斯·霍尔斯道姆,W·布鲁斯·卡梅伦/凯瑟琳·迈克/奥黛丽·威尔斯/玛雅·福布斯/沃利·亚历斯戴尔,乔什·加德/布丽特·罗伯森/丹尼斯·奎德/佩吉·利普顿/K·J·阿帕/布莱斯·吉扎尔/朱丽叶·赖伦斯/卢克·科比 /加布里埃尔·罗斯/迈克尔·博夫舍维尔/洛根·米勒/柯尔比·豪威尔-巴普蒂斯特/普奇·豪尔/约翰·奥提兹/妮科尔·勒普拉卡/彼特·科拉米斯/卡罗琳·凯芙/简·迈克格雷格/科维西·阿梅扬/卡琳·博姆拜克/娜奥米·弗伦内特,剧情/喜剧/家庭,影片以汪星人的视角展现狗狗和人类的微妙情感，一只狗狗陪伴小主人长大成人，甚至为他追到了女朋友，后来它年迈死去又转世投胎变成其他性别和类型的汪，第二次轮回狗狗变成了警犬威风凛凛，再次转轮回，又成了陪伴一位单身女青年的小柯基犬。在经历了多次轮回之后，最终回到最初的主人身边。,101分钟,2017-03-03(中国大陆)/2017-01-27(美国), 美国, 英语,311330.0,7.7,23.3%,43.3%,29.6%,3.3%,0.5%,83473.0,1872.0,https://img1.doubanio.com/view/photo/s_ratio_poster/public/p2432493858.jpg
16,16,缝纫机乐队,2017,大鹏,大鹏/苏彪,大鹏/乔杉/古力娜扎/李鸿其/韩童生/曲隽希/于谦/岳云鹏/王劲松/于洋/代乐乐/赵英俊/马大明/张一鸣/衣云鹤/曹然然/曹桐睿/宋小宝/刘小光/文松/宋晓峰/周冬雨/袁姗姗/宋茜/林志玲/赵露思,喜剧/音乐,坐落于东北的集安市曾因破吉他乐队成为全国著名的摇滚都市，也激发无数年轻人和儿童们的音乐热情。只是二十年过去，摇滚逐渐没落，连集安著名的标志大吉他都面临拆除的命运。为了守护这里的摇滚灵魂，修车行小老板胡亮（乔杉 饰）从北京请来前破吉他乐队的经纪人程宫（董成鹏 饰），希望对方帮他组建乐队，策划一场守卫大吉他的演出。在胡亮的软磨硬泡下，程宫他们东拼西凑找来了美丽的女贝斯手丁建国（古力娜扎 饰）、背对观众的鼓手炸药（李鸿其 饰）、年事已高的医生吉他手老杨（韩童生 饰）和未成年的小学生键盘手希希（曲隽希 饰）。,117分钟,2017-09-29(中国大陆), 中国大陆, 汉语普通话,286673.0,6.6,11.2%,28.8%,42.9%,13.4%,3.7%,81871.0,2208.0,https://img3.doubanio.com/view/photo/s_ratio_poster/public/p2498558511.jpg
17,17,美女与野兽 Beauty and the Beast,2017,比尔·康顿,斯蒂芬·卓博斯基/埃文·斯彼里奥托普洛斯/琳达·伍尔芙顿/珍妮-玛丽·勒普兰斯·德博蒙,艾玛·沃森/丹·史蒂文斯/卢克·伊万斯/凯文·克莱恩/乔什·加德/伊万·麦克格雷格/伊恩·麦克莱恩/艾玛·汤普森/斯坦利·图齐/古古·姆巴塔-劳/奥德拉·麦克唐纳/内森·麦克/哈蒂·莫拉汉/迈克尔·吉普森/水野索诺娅/亨利·加勒特/戴尔·布兰斯顿,爱情/歌舞/奇幻,,129分钟,2017-03-17(中国大陆/美国), 美国, 英语,317570.0,7.2,14.1%,37.3%,41.9%,5.9%,0.8%,87303.0,1820.0,https://img9.doubanio.com/view/photo/s_ratio_poster/public/p2417948644.jpg
18,0,我不是药神,2018,文牧野,韩家女/钟伟/文牧野,徐峥/王传君/周一围/谭卓/章宇/杨新鸣/王佳佳/王砚辉/贾晨飞/龚蓓苾/宁浩/李乃文/岳小军/苇青/富冠铭/巴拉特·巴蒂/喜利图/张海艳/朱耕佑,剧情/喜剧,普通中年男子程勇（徐峥 饰）经营着一家保健品店，失意又失婚。不速之客吕受益（王传君 饰）的到来，让他开辟了一条去印度买药做“代购”的新事业，虽然困难重重，但他在这条“买药之路”上发现了商机，一发不可收拾地做起了治疗慢粒白血病的印度仿制药独家代理商。赚钱的同时，他也认识了几个病患及家属，为救女儿被迫做舞女的思慧（谭卓 饰）、说一口流利“神父腔”英语的刘牧师（杨新鸣 饰），以及脾气暴烈的“黄毛”（章宇 饰），几个人合伙做起了生意，利润倍增的同时也危机四伏。程勇昔日的小舅子曹警官（周一围 饰）奉命调查仿制药的源头，假药贩子张长林（王砚辉 饰）和瑞士正牌医药代表（李乃文 饰）也对其虎视眈眈，生意逐渐变成了一场关于救赎的拉锯战。,117分钟,2018-07-05(中国大陆)/2018-06-30(大规模点映), 中国大陆, 汉语普通话 / 英语 / 上海话 / 印地语,1551579.0,9.0,57.9%,34.6%,6.8%,0.5%,0.2%,411495.0,16772.0,https://img9.doubanio.com/view/photo/s_ratio_poster/public/p2561305376.jpg
19,1,绿皮书 Green Book,2018,彼得·法雷里,尼克·瓦莱隆加/布莱恩·库瑞/彼得·法雷里,维果·莫腾森/马赫沙拉·阿里/琳达·卡德里尼/塞巴斯蒂安·马尼斯科/迪米特·D·马里诺夫/迈克·哈顿/P·J·伯恩/乔·柯蒂斯/玛姬·尼克松/冯·刘易斯/乔恩·索特兰/唐·斯达克/安东尼·曼加诺/保罗·斯隆/珍娜·劳伦索/肯尼斯·以色列/伊克博·塞巴/尼克·瓦莱隆加/大卫·安/迈克·切罗内/杰拉尔丁·辛格/马丁·巴特斯·布拉德福德/格拉伦·布莱恩特·班克斯/汤姆·维图/夏恩·帕特洛/丹尼斯·W·霍尔/吉姆·克洛克/戴恩·罗兹/布赖恩·斯特帕尼克/乔恩·迈克尔·戴维斯/布莱恩·库瑞/托尼亚·马尔多纳多,剧情/喜剧/传记,托尼（维果·莫腾森 Viggo Mortensen 饰）是一个吊儿郎当游手好闲的混混，在一家夜总会做侍者。这间夜总会因故要停业几个月，可托尼所要支付的房租和生活费不会因此取消，所以他的当务之急是去寻找另一份工作来填补这几个月的空缺。在这个节骨眼上，一位名叫唐雪莉（马赫沙拉·阿里 Mahershala Ali 饰）的黑人钢琴家提出雇佣托尼。,130分钟,2019-03-01(中国大陆)/2018-09-11(多伦多电影节)/2018-11-16(美国), 美国, 英语 / 意大利语 / 俄语 / 德语,1129289.0,8.9,54.7%,38.2%,6.6%,0.3%,0.1%,282201.0,6195.0,https://img9.doubanio.com/view/photo/s_ratio_poster/public/p2549177902.jpg
20,2,何以为家 كفرناحوم,2018,娜丁·拉巴基,娜丁·拉巴基/吉哈德·霍加里/米歇尔·凯斯沃尼/乔治斯·哈巴兹/哈立德·穆扎纳,赞恩·阿尔·拉菲亚/约丹诺斯·希费罗/博鲁瓦蒂夫·特雷杰·班科尔/卡萨尔·艾尔·哈达德/法迪·尤瑟夫/海塔·塞德拉·伊扎姆/阿拉·乔什涅/娜丁·拉巴基/埃利亚斯·库利/努尔·艾尔·侯赛尼,剧情,法庭上，十二岁的男孩赞恩向法官状告他的亲生父母，原因是，他们给了他生命。是什么样的经历让一个孩子做出如此不可思议的举动？故事中，赞恩的父母在无力抚养和教育的状况下依然不停生育，作为家中的长子赞恩，弱小的肩膀承担了无数生活的重压。当妹妹被强行卖给商贩为妻时，赞恩愤怒离家，之后遇到一对没有合法身份的母子，相互扶持勉强生活。然而生活并没有眷顾赞恩，重重磨难迫使他做出了令人震惊的举动……,126分钟,2019-04-29(中国大陆)/2018-05-17(戛纳电影节)/2018-09-20(黎巴嫩), 黎巴嫩 / 法国 / 美国, 阿拉伯语 / 阿姆哈拉语,705231.0,9.1,61.6%,33.1%,4.9%,0.3%,0.1%,179517.0,4154.0,https://img9.doubanio.com/view/photo/s_ratio_poster/public/p2555295759.jpg
21,3,红海行动,2018,林超贤,冯骥/陈珠珠/林明杰,张译/黄景瑜/海清/杜江/蒋璐霞/尹昉/王强/郭家豪/王雨甜/麦亨利/张涵予/王彦霖,动作/战争,中东国家伊维亚共和国发生政变，武装冲突不断升级。刚刚在索马里执行完解救人质任务的海军护卫舰临沂号，受命前往伊维亚执行撤侨任务。舰长高云（张涵予 饰）派出杨锐（张译 饰）率领的蛟龙突击队登陆战区，护送华侨安全撤离。谁知恐怖组织扎卡却将撤侨部队逼入交火区，一场激烈的战斗在所难免。与此同时，法籍华人记者夏楠（海清 饰）正在伊维亚追查威廉·柏森博士贩卖核原料的事实，而扎卡则突袭柏森博士所在的公司，意图抢走核原料。混战中，一名隶属柏森博士公司的中国员工成为人质。为了解救该人质，八名蛟龙队员必须潜入有150名恐怖分子的聚集点，他们用自己的信念和鲜血铸成中国军人顽强不屈的丰碑！,138分钟,2018-02-16(中国大陆)/2020-07-24(中国大陆重映), 中国大陆 / 中国香港, 汉语普通话 / 阿拉伯语 / 英语 / 索马里语 / 粤语,830273.0,8.3,38.0%,42.4%,16.5%,2.3%,0.9%,222154.0,5985.0,https://img9.doubanio.com/view/photo/s_ratio_poster/public/p2514119443.jpg
22,4,头号玩家 Ready Player One,2018,史蒂文·斯皮尔伯格,扎克·佩恩/恩斯特·克莱恩,泰伊·谢里丹/奥利维亚·库克/本·门德尔森/马克·里朗斯/丽娜·维特/森崎温/赵家正/西蒙·佩吉/T·J·米勒/汉娜·乔恩-卡门/拉尔夫·伊内森/苏珊·林奇/克莱尔·希金斯/劳伦斯·斯佩尔曼/佩蒂塔·维克斯/艾萨克·安德鲁斯,动作/科幻/冒险,故事发生在2045年，虚拟现实技术已经渗透到了人类生活的每一个角落。詹姆斯哈利迪（马克·里朗斯 Mark Rylance 饰）一手建造了名为“绿洲”的虚拟现实游戏世界，临终前，他宣布自己在游戏中设置了一个彩蛋，找到这枚彩蛋的人即可成为绿洲的继承人。要找到这枚彩蛋，必须先获得三把钥匙，而寻找钥匙的线索就隐藏在詹姆斯的过往之中。,140分钟,2018-03-30(中国大陆)/2018-03-11(西南偏南电影节)/2018-03-29(美国), 美国, 英语 / 日语 / 汉语普通话,1043732.0,8.7,48.4%,38.0%,12.1%,1.2%,0.4%,259870.0,6161.0,https://img9.doubanio.com/view/photo/s_ratio_poster/public/p2516578307.jpg
23,5,调音师 Andhadhun,2018,斯里兰姆·拉格万,阿里吉特·比沙什/约戈什·查德卡尔/斯里兰姆·拉格万/赫曼斯·饶/普哈·拉达·瑟蒂/奥利维耶·特雷内 ,阿尤斯曼·库拉纳/塔布/拉迪卡·艾普特/安尔·德霍万/马纳夫·维吉/阿什维尼·卡尔塞卡/查亚·卡达姆/萨基尔·侯赛因/拉什米·阿格德卡/莫希尼·凯瓦拉曼,喜剧/悬疑/惊悚/犯罪,双目失明的钢琴家阿卡什（阿尤斯曼·库拉纳 Ayushmann Khurrana 饰）为了参加国际大赛，平日里通过私人授课赚取经费。事实上他的眼睛完全正常，只不过希望通过这种方式感受不同的生活。因为一场意外，阿卡什结识了美丽的姑娘苏菲（拉迪卡·艾普特 Radhika Apte 饰）。凭借出色的演奏技巧，阿卡什在苏菲父亲经营的西餐馆谋得兼职。他的演奏不仅令食客们倾倒，更虏获了苏菲的心。某天，阿卡什接受过气的影星普拉默（安尔·德霍万 Anil Dhawan 饰）的邀请，登门为对方的妻子西米（塔布 Tabu 饰）演奏庆生，谁知却亲眼目睹了倒在血泊中的普拉默的尸体。惊慌失措的阿卡什假装镇定，虽然暂时骗过了西米及其情夫，但是他的秘密还是慢慢被人戳穿……,139分钟,2019-04-03(中国大陆)/2018-10-05(印度), 印度, 印地语 / 英语,701087.0,8.3,33.8%,48.9%,15.5%,1.6%,0.3%,182609.0,2966.0,https://img9.doubanio.com/view/photo/s_ratio_poster/public/p2551995207.jpg
24,6,西虹市首富,2018,闫非/彭大魔,闫非/彭大魔/林炳宝,沈腾/宋芸桦/张一鸣/张晨光/常远/魏翔/赵自强/九孔/李立群/王成思/徐冬冬/艾伦/杨皓宇/黄才伦/王力宏/包贝尔/郎咸平/张绍刚/杨文哲/陶亮/王赞/黄杨/刘鉴/杨沅翰/林炳宝/骆佳/陈昊明/臧一人,喜剧,西虹市丙级球队大翔队的守门员王多鱼（沈腾 饰）因比赛失利被教练开除，一筹莫展之际王多鱼突然收到神秘人士金老板（张晨光 饰）的邀请，被告知自己竟然是保险大亨王老太爷（李立群 饰）的唯一继承人，遗产高达百亿！但是王老太爷给出了一个非常奇葩的条件，那就是要求王多鱼在一个月内花光十亿，还不能告诉身边人，否则失去继承权。王多鱼毫不犹豫签下了“军令状”，与好友庄强（张一鸣 饰）以及财务夏竹（宋芸桦 饰）一起开启了“挥金之旅”，即将成为西虹市首富的王多鱼，第一次感受到了做富人的快乐，同时也发现想要挥金如土实在没有那么简单！,118分钟,2018-07-27(中国大陆), 中国大陆, 汉语普通话,803459.0,6.6,9.7%,29.3%,44.3%,13.0%,3.7%,216857.0,3632.0,https://img9.doubanio.com/view/photo/s_ratio_poster/public/p2529206747.jpg
25,7,唐人街探案2,2018,陈思诚,陈思诚,王宝强/刘昊然/肖央/刘承羽/尚语贤/王迅/妻夫木聪/迈克尔·皮特/白灵/元华/曾江/王成思/杨金赐/范湉湉/佟丽娅/陈思诚,喜剧/动作/悬疑,唐仁（王宝强 饰）为巨额奖金欺骗秦风（刘昊然 饰）到纽约参加世界名侦探大赛，然而随着和世界各国侦探们啼笑皆非的较量，两人却发现了隐藏在这次挑战背后的更大秘密...,121分钟,2018-02-16(中国大陆), 中国大陆, 汉语普通话,714259.0,6.7,8.2%,33.3%,44.6%,10.8%,3.1%,196898.0,3995.0,https://img9.doubanio.com/view/photo/s_ratio_poster/public/p2512717519.jpg
26,8,海王 Aquaman,2018,温子仁,大卫·莱斯利·约翰逊-麦戈德里克/威尔·比尔/乔夫·琼斯/温子仁/莫尔特·魏辛格/保罗·诺里斯,杰森·莫玛/艾梅柏·希尔德/威廉·达福/帕特里克·威尔森/妮可·基德曼/杜夫·龙格尔/叶海亚·阿卜杜勒-迈丁/特穆拉·莫里森/林路迪/迈克尔·比奇/兰道尔·朴/格拉汉姆·麦克泰维什/雷·沃纳尔/泰努伊·柯克伍德/塔穆尔·柯克伍德/丹泽尔·夸克/卡恩·古尔杜尔/奥蒂斯·丹吉/克考亚·克库毛诺/朱莉·安德鲁斯/约翰·瑞斯-戴维斯/杰曼·翰苏/索菲亚·福雷斯特/娜塔莉·萨福兰/杰克·安德鲁/汉克·阿莫斯/帕特里克·考克斯/罗伯特·朗斯特里特/德维卡·帕利赫/梅布尔·塔莫内/文森特·B·拉戈斯/加布里埃拉·佩特科娃/爱丽丝·兰斯伯里/帕特里克·艾奇逊/约翰·盖蒂尔/塔丽亚·杰德·霍尔特/罗斯·克纳汉/布拉登·刘易斯/萨尔瓦多·梅伦达/山姆·莫纳汉/温妮·穆赞贝/凯·潘塔诺/安娜·帕奇/乔恩·奎斯蒂德/迪伦·斯图默/米奇·武尔夫,动作/奇幻/冒险,许多年前，亚特兰蒂斯女王（妮可·基德曼 Nicole Kidman 饰）和人类相知相恋，共同孕育了爱情的结晶——后来被陆地人称为海王的亚瑟·库瑞（杰森·莫玛 Jason Momoa 饰）。在成长的过程中，亚瑟接受海底导师维科（威廉·达福 Willem Dafoe 饰）的严苛训练，时刻渴望去看望母亲，然而作为混血的私生子这却是奢望。与此同时，亚瑟的同母异父兄弟奥姆（帕特里克·威尔森 Patrick Wilson 饰）成为亚特兰蒂斯的国王，他不满陆地人类对大海的荼毒与污染，遂谋划联合其他海底王国发动对陆地的全面战争。为了阻止他的野心，维科和奥姆的未婚妻湄拉（艾梅柏·希尔德 Amber Heard 饰）将亚瑟带到海底世界。,143分钟,2018-12-07(中国大陆)/2018-12-21(美国), 美国 / 澳大利亚, 英语 / 毛利语 / 意大利语 / 俄语,743582.0,7.6,21.3%,43.1%,30.3%,4.5%,0.9%,224100.0,2855.0,https://img9.doubanio.com/view/photo/s_ratio_poster/public/p2541280047.jpg
27,9,无名之辈,2018,饶晓志,饶晓志/雷志龙,陈建斌/任素汐/潘斌龙/章宇/王砚辉/九孔/马吟吟/程怡/宁桓宇/邓恩熙/谢波/范翔/赵梓冲/史策/马睿瀚/林海/邓钢,剧情/喜剧,来自乡村的笨贼眼镜（章宇 饰）和大头（潘斌龙 饰）抢了一家手机店，慌乱之中逃进坐着轮椅的单身女子嘉旗（任素汐 饰）的家中。嘉旗早已失去活着的欲望，她强横地要求俩笨贼杀死自己。另一边，某楼盘老板资金链断裂跑路，留下保安马先勇（陈建斌 饰）与讨债者周旋。马曾经是立功无数的协警，可就在转正的关头因为一场车祸毁了原本看似美好的一切。不久前他挖到一把喷子，原本打算交给当初的警察好友立功，却发现喷子被换成了水枪。而成为了新闻的手机抢劫案，让马先勇意识到喷子正在劫匪的手上。,108分钟,2018-11-16(中国大陆), 中国大陆, 汉语普通话 / 贵州话,834317.0,8.1,29.5%,48.1%,19.6%,2.4%,0.4%,223115.0,6304.0,https://img9.doubanio.com/view/photo/s_ratio_poster/public/p2539661066.jpg
28,10,复仇者联盟3：无限战争 Avengers: Infinity War,2018,安东尼·罗素/乔·罗素,杰克·科比/克里斯托弗·马库斯/斯蒂芬·麦克菲利/吉姆·斯特林,小罗伯特·唐尼/克里斯·海姆斯沃斯/克里斯·埃文斯/马克·鲁弗洛/乔什·布洛林/佐伊·索尔达娜/本尼迪克特·康伯巴奇/克里斯·帕拉特/汤姆·赫兰德/伊丽莎白·奥尔森/保罗·贝坦尼/斯嘉丽·约翰逊/查德维克·博斯曼/塞巴斯蒂安·斯坦/唐·钱德尔/汤姆·希德勒斯顿/安东尼·麦凯/本尼迪克特·王/戴夫·巴蒂斯塔/布莱德利·库珀/范·迪塞尔/凯伦·吉兰/利蒂希娅·赖特/庞·克莱门捷夫/凯莉·库恩/汤姆-沃恩-劳勒/海登·瓦尔希/迈克尔·詹姆斯·肖/泰瑞·诺塔里/本尼西奥·德尔·托罗/彼特·丁拉基/罗斯·马昆德/丹娜·奎里拉/温斯顿·杜克/弗洛伦丝·卡松巴/塞缪尔·杰克逊/雅各布·巴特朗/斯坦·李,动作/科幻/奇幻/冒险,最先与灭霸军团遭遇的雷神索尔一行遭遇惨烈打击，洛基遇害，空间宝石落入灭霸之手。未几，灭霸的先锋部队杀至地球，一番缠斗后掳走奇异博士。为阻止时间宝石落入敌手，斯塔克和蜘蛛侠闯入了敌人的飞船。与此同时，拥有心灵宝石的幻视也遭到外星侵略者的袭击，为此美国队长、黑寡妇等人将其带到瓦坎达王国，向黑豹求助。幸免于难的索尔与星爵一行相逢，随后他们兵分两路。索尔与火箭、格鲁特踏上再铸雷神之锤的旅程，星爵则与卡魔拉等人试图阻止灭霸的恶行。而知晓灵魂宝石下落的卡魔拉，同样是其义父灭霸追踪的对象。,149分钟,2018-05-11(中国大陆)/2018-04-23(加州首映)/2018-04-27(美国), 美国, 英语,670038.0,8.1,33.3%,43.9%,19.7%,2.3%,0.8%,172024.0,3591.0,https://img9.doubanio.com/view/photo/s_ratio_poster/public/p2517753454.jpg
29,11,一出好戏,2018,黄渤,黄渤/张冀/郭俊立/查慕春/崔斯韦/邢爱娜/黄湛中,黄渤/舒淇/王宝强/张艺兴/于和伟/王迅/李勤勤/李又麟/宁浩/管虎/梁静/徐峥/陈德森/张磊,剧情/喜剧,马进欠下债务，与远房表弟小兴在底层社会摸爬滚打，习惯性的买彩票，企图一夜暴富，并迎娶自己的同事姗姗。一日，公司全体员工出海团建，途中，马进收到了彩票中头奖的信息，六千万！就在马进狂喜自己翻身的日子终于到来之际，一场突如其来的滔天巨浪打破了一切。苏醒过来的众人发现身处荒岛 ，丧失了一切与外界的联系……,134分钟,2018-08-10(中国大陆), 中国大陆, 汉语普通话,755061.0,7.1,12.0%,41.3%,37.9%,7.0%,1.8%,204855.0,5866.0,https://img9.doubanio.com/view/photo/s_ratio_poster/public/p2529571873.jpg
30,12,毒液：致命守护者 Venom,2018,鲁本·弗雷斯彻,杰夫·皮克纳/斯科特·罗森伯格/凯莉·马塞尔/托德·麦克法兰/大卫·米其林,汤姆·哈迪/米歇尔·威廉姆斯/里兹·阿迈德/斯科特·黑兹/里德·斯科特/珍妮·斯蕾特/梅洛拉·沃尔特斯/伍迪·哈里森/佩吉·陆/马尔科姆·C·默里/索佩·阿卢科/韦恩·佩雷/米歇尔·李/库尔特·岳/克里斯·奥哈拉/埃米里奥·瑞弗拉/阿里亚当娜·约瑟夫/袁之正/朴云龙/麦克·勃兰特/尼克·图恩/山姆·麦地那/迪塞尔·马德金斯/简·麦克尼尔/维克托·麦凯/马丁·巴特斯·布拉德福德/布兰顿·莫拉莱斯/马修·康威尔/斯坦·李/韦德·威廉姆斯/约瑟夫·阿梅/威廉·W·巴伯/玛塞拉·布拉吉奥/卡特·伯奇/克里斯蒂安·康佛瑞/詹姆斯·富尔特斯/丹妮拉·加斯基/约翰·盖蒂尔/艾米丽塔·T·冈萨雷斯/杰克·汉森/安东尼·B·哈里斯/卡茜·亨德利/罗恩·彼得·琼斯/霍梅洛·洛佩兹/万恩·姆约维奇,动作/科幻/惊悚,艾迪（汤姆·哈迪 Tom Hardy 饰）是一位深受观众喜爱的新闻记者，和女友安妮（米歇尔·威廉姆斯 Michelle Williams 饰）相恋多年，彼此之间感情十分要好。安妮是一名律师，接手了生命基金会的案件，在女友的邮箱里，艾迪发现了基金会老板德雷克（里兹·阿迈德 Riz Ahmed 饰）不为人知的秘密。为此，艾迪不仅丢了工作，女友也离他而去。,112分钟,2018-11-09(中国大陆)/2018-10-05(美国), 美国 / 中国大陆, 英语 / 汉语普通话,674655.0,7.2,12.2%,42.9%,39.5%,4.8%,0.6%,171982.0,1567.0,https://img9.doubanio.com/view/photo/s_ratio_poster/public/p2537158013.jpg
31,13,小偷家族 万引き家族,2018,是枝裕和,是枝裕和,中川雅也/安藤樱/松冈茉优/城桧吏/佐佐木美结/树木希林/绪形直人/池松壮亮/森口瑶子/山田裕贵/片山萌美/柄本明/高良健吾/池胁千鹤/足立智充,剧情/家庭/犯罪,东京的都市丛林中央，残存着一栋古旧寒酸的老房子，这里局促地生活着柴田一家五口人。在工地当临时工的男人阿治（Lily Franky 饰）经常带着儿子祥太（城桧吏 饰）到超市盗窃生活用品，这一天，他们回家路上遇到了独自待在户外的四岁女孩由里（佐佐木美结 饰）。妻子信代（安藤樱 饰）起初极力主张将女孩送回父母身边，但当看到女孩原生家庭的状况时又心生恻隐。原本柴田家就靠着老奶奶初枝（树木希林 饰）的养老金度日，而今多了一口人，自然更艰辛了几分。包括信代的妹妹亚纪（松冈茉优 饰）在内，虽然一家人游走在贫困和违法的边缘，但笃深的羁绊将他们紧紧联系在一起，使他们的心不会随着冰冷的都市而寒冷下去……,117分钟(中国大陆),2018-08-03(中国大陆)/2018-05-13(戛纳电影节)/2018-06-08(日本), 日本, 日语,606710.0,8.7,44.9%,44.6%,9.6%,0.7%,0.2%,152483.0,4021.0,https://img9.doubanio.com/view/photo/s_ratio_poster/public/p2530599636.jpg
32,14,无双 無雙,2018,庄文强,庄文强,周润发/郭富城/张静初/冯文娟/廖启智/周家怡/王耀庆/方中信/高捷/邢佳栋/张松枝/张建声/吴嘉龙/孙佳君,剧情/动作/悬疑/犯罪,身陷囹圄的李问（郭富城 饰）被引渡回港，他原本隶属于一个的跨国假钞制贩组织。该组织曾犯下过多宗恶性案件，而首脑“画家”不仅始终逍遥法外，连真面目都没人知道。为了逼迫李问吐露“画家”真实身份，警方不惜用足以判死刑的假罪证使其就范。就在此时，富有的遗孀阮文（张静初 饰）申请保释李问，而警方提出的条件依然是“画家”的真面目。,130分钟,2018-09-30(中国大陆)/2018-10-04(中国香港), 中国大陆 / 中国香港, 汉语普通话 / 粤语 / 英语 / 泰语 / 波兰语,751854.0,8.1,26.3%,53.0%,18.7%,1.6%,0.3%,200099.0,2964.0,https://img9.doubanio.com/view/photo/s_ratio_poster/public/p2535260806.jpg
33,15,超时空同居,2018,苏伦,苏伦,雷佳音/佟丽娅/张衣/于和伟/王正佳/陶虹/李念/李光洁/杨玏/范明/徐峥/杨迪/方龄/陈昊,喜剧/爱情/奇幻,生活在2018年的大龄女青年谷小焦（佟丽娅 饰），梦想能够嫁一个能买得起她幼时豪宅的有钱人，却屡屡受挫，只能蜗居在一栋老居民楼里。生活在1999年的陆鸣（雷佳音 饰）手握着自己设计的宏伟蓝图，却始终找不到投资人，同时也面临重大的事业危机。奇怪的时刻来临了，失意的两个人回到家中居然发生了惊人的一幕，同一扇门关上后居然是两个时空的交汇点，两个不同时空的人相遇了，为了拯救自己的未来，两人共商大计，开启了幻想一夜暴富的一系列措施，引发了啼笑皆非的连锁反应。而他们不知道的是，两个时空的重叠是人为的操控，他们每走一步都会引发不可预知的结果，更要命的事，本来只是视对方为赚钱拍档的两人引发了爱的火花……,101分钟,2018-05-18(中国大陆), 中国大陆, 汉语普通话,437863.0,6.8,8.2%,35.8%,47.4%,7.6%,1.1%,118843.0,1986.0,https://img9.doubanio.com/view/photo/s_ratio_poster/public/p2520331478.jpg
34,16,无问西东,2018,李芳芳,李芳芳,章子怡/黄晓明/张震/王力宏/陈楚生/铁政/祖峰/米雪/王盛德/韩童生/王鑫/郑铮/章泽天/黄梦莹/林美秀/保罗·菲利普·克拉克/胡家华/伊娜/吴谨言/纪帅/王天泽/伍麟凯/都金翰,剧情/爱情/战争,,138分钟,2018-01-12(中国大陆), 中国大陆, 汉语普通话,608727.0,7.6,25.5%,39.2%,26.7%,6.6%,2.0%,177867.0,9481.0,https://img9.doubanio.com/view/photo/s_ratio_poster/public/p2507572275.jpg
35,17,邪不压正,2018,姜文,姜文/何冀平/李非/孙悦/张北海,彭于晏/廖凡/姜文/周韵/许晴/泽田谦也/安地/史航/李梦/丁嘉丽/陈曦,剧情/喜剧/动作,七七事变前夕，华裔青年小亨德勒（彭于晏 饰）从美国远赴重洋，回到阔别十数年之久的北平从医。然而他真正的名字叫李天然，十三岁那年曾亲眼目睹师父一家遭师兄朱潜龙（廖凡 饰）和日本人根本一郎（泽田谦也 饰）灭门。侥幸逃生的天然被美国人亨德勒医生送往大洋彼岸，接受了极其严苛的训练，而今他怀着绝密的任务踏上故土。亨德勒父子租住神秘男子蓝青峰（姜文 饰）的宅子，蓝是当年辛亥革命的参与者，他与现为警察局长的朱潜龙过从甚密，却又以杀死李天然为筹码，暗中怂恿朱除掉根本一郎。复仇心切的李天然寻找到了仇人，而亨德勒医生则全力阻止养子冒险。在这一过程中，交际花唐凤仪（许晴 饰）与裁缝关巧红（周韵 饰）也卷入了男人的勾心斗角的漩涡里。直到七七事变爆发，所有的矛盾迎来了决断的时刻……,137分钟,2018-07-13(中国大陆), 中国大陆, 汉语普通话 / 英语 / 日语 / 法语,567506.0,7.0,14.0%,37.1%,38.3%,8.4%,2.3%,165406.0,4512.0,https://img9.doubanio.com/view/photo/s_ratio_poster/public/p2526297221.jpg
36,18,黑豹 Black Panther,2018,瑞恩·库格勒,瑞恩·库格勒/乔·罗伯特·科尔/斯坦·李/杰克·科比,查德维克·博斯曼/露皮塔·尼永奥/迈克尔·B·乔丹/丹娜·奎里拉/马丁·弗瑞曼/丹尼尔·卡卢亚/利蒂希娅·赖特/温斯顿·杜克/斯特林·K·布朗/安吉拉·贝塞特/福里斯特·惠特克/安迪·瑟金斯/弗洛伦丝·卡松巴/约翰·卡尼/大卫·S·李/娜比娅·毕,动作/科幻/冒险,位于非洲的神秘国家瓦坎达，凭借来自宇宙的振金而成为科技极度发达的国家，不过他们长久封闭，始终对外界保守这个秘密。在前国王死于联合国爆炸袭击后，特查拉王子（查德维克·博斯曼 Chadwick Boseman 饰）继任成为新的国王，同时他也是黑豹的继承者。登基之后，特查拉与前女友娜吉雅（露皮塔·尼永奥 Lupita Nyong'o 饰）、贴身侍卫奥姆烨（丹娜·奎里拉 Danai Gurira 饰）追查曾经盗取振金并杀害瓦坎达人的尤利西斯·克劳（安迪·瑟金斯 Andy Serkis 饰）。一番厮杀后，克劳侥幸逃脱，谁知最终死于合伙人艾瑞克·克尔芒戈（迈克尔·B·乔丹 Michael B. Jordan 饰）之手。艾瑞克同样具有瓦坎达血统，而且当年他的父亲死在了自己的兄弟——特查拉父亲的手中。,134分钟,2018-03-09(中国大陆)/2018-02-16(美国), 美国 / 南非 / 韩国 / 澳大利亚, 斯瓦希里语 / 英语 / 科萨语 / 韩语,375590.0,6.5,6.5%,27.0%,52.1%,12.0%,2.3%,94312.0,1652.0,https://img9.doubanio.com/view/photo/s_ratio_poster/public/p2512123434.jpg
37,19,蚁人2：黄蜂女现身 Ant-Man and the Wasp,2018,佩顿·里德,克里斯·麦克纳/埃里克·萨默斯/保罗·路德/安德鲁·贝伦/加百利·法拉利,保罗·路德/伊万杰琳·莉莉/迈克尔·佩纳/汉娜·乔恩-卡门/沃尔顿·戈金斯/鲍比·坎纳瓦尔/朱迪·格雷尔/T.I./大卫·达斯马齐连/艾比·莱德·弗特森/兰道尔·朴/米歇尔·菲佛/劳伦斯·菲什伯恩/迈克尔·道格拉斯/戈兰·卡斯蒂克/罗布·阿切尔/肖恩·克莱尔/本·戴维斯/迈克尔·瑟沃瑞斯/达克斯·格里芬/海莉·洛维特/玛德琳·麦格劳/蒂姆·海德克/布莱恩·赫斯基/朱莉娅·维拉/布莱恩·卢戈/托里·沃格尔/汤姆·夏普林/斯坦·李/约瑟夫·阿梅/安迪·阿尼斯/威廉·W·巴伯/玛塞拉·布拉吉奥/塞尔吉奥·布里奥内斯/乔·布卡罗三世/蒂莫西·卡尔/贾迈尔·钱伯斯/扎卡里·卡伯森/雅各布·埃文斯/米歇尔·方/盖尔·甘布尔/克里斯·加恩/约翰·盖蒂尔/杰克·汉森/卡茜·亨德利,动作/科幻/冒险,由于在“内战”中站到了美国队长一方，蚁人斯科特·朗（保罗·路德 Paul Rudd 饰）遭到了FBI的禁足惩罚。眼看离真正的自由还有几天功夫，偏偏麻烦找上门来。原来初代蚁人汉克·皮姆（迈克尔·道格拉斯 Michael Douglas 饰）通过研究发现，他的妻子黄蜂女（米歇尔·菲佛 Michelle Pfeiffer 饰）一定还活在量子领域，而斯科特是能够将妻子带回现实世界的唯一希望。不由分说，汉克的女儿霍普（伊万杰琳·莉莉 Nicole Lilly 饰）将斯科特带出房间。此后不久，他们不仅要躲避FBI的纠缠，更要提防来自神秘势力的袭击，而“幽灵”的出现更将斯科特等人带向前所未有的混乱当中。,118分钟,2018-08-24(中国大陆)/2018-07-06(美国), 美国, 英语,389280.0,7.3,12.1%,45.9%,38.1%,3.6%,0.4%,80974.0,481.0,https://img9.doubanio.com/view/photo/s_ratio_poster/public/p2529389608.jpg
38,20,动物世界,2018,韩延,韩延,李易峰/迈克尔·道格拉斯/周冬雨/曹炳琨/王戈/苏可,剧情/动作/冒险,在游戏机厅做着兼职“小丑”的郑开司（李易峰 饰），幼时父亲突然失踪，母亲重病住院，使得郑开司的生活非常拮据。发小“大虾米”（曹炳琨 饰）借口买房骗下了郑开司父亲留下的房产，还给他带来了巨额的欠债。神秘人物（迈克尔·道格拉斯 Michael Douglas 饰）出现，告诉郑开司，只要参加“命运号”游轮上的神秘游戏，就有机会偿还完所有欠款，一无所有的郑开司为了给青梅竹马的护士刘青（周冬雨 饰）和母亲更好的生活，只得登上游轮，开始了生存游戏，一场以“剪刀、石头、布”展开的生死较量即将登场……,132分钟,2018-06-29(中国大陆), 中国大陆, 汉语普通话 / 英语,445796.0,7.2,11.9%,46.0%,35.3%,5.3%,1.4%,142502.0,4299.0,https://img9.doubanio.com/view/photo/s_ratio_poster/public/p2525528688.jpg
39,21,波西米亚狂想曲 Bohemian Rhapsody,2018,布莱恩·辛格,安东尼·麦卡滕/皮特·摩根,拉米·马雷克/本·哈迪/约瑟夫·梅泽罗/格威利姆·李/艾伦·里奇/露西·宝通/艾丹·吉伦/汤姆·霍兰德/麦克·梅尔斯/阿隆·麦克卡斯克/梅内卡·达斯/迪基·博/蒂姆· 普莱斯特/杰克·罗思/马克斯·班内特/基兰·哈德卡斯托/罗斯·格林/布鲁斯·麦克金伦/米歇尔·邓肯/马特·格林伍德/罗茜·本杰明/约翰·奥特曼/詹姆斯·华莱士/文森特·阿德里安/拉斯科·阿特金斯/乔纳森·奇塔姆/迈克尔·科布/耶稣·加洛/亚当·兰伯特/豪尔赫·莱昂·马丁内斯/杰森· 莱恩斯/伊斯雷尔·鲁兹,剧情/同性/音乐/传记,本片是对皇后乐队、传奇主唱弗雷迪·莫库里以及他们音乐的致敬盛宴，这是一段充满爱、痛苦、接纳和音乐的旅程。,135分钟,2019-03-22(中国大陆)/2018-11-02(美国), 英国 / 美国, 英语,424808.0,8.7,50.4%,37.7%,10.6%,1.1%,0.2%,124077.0,1560.0,https://img9.doubanio.com/view/photo/s_ratio_poster/public/p2549558913.jpg
40,22,捉妖记2,2018,许诚毅,吴炜伦/陈咏燊/苏亮,梁朝伟/白百何/井柏然/李宇春/杨祐宁/大鹏/吴君如/曾志伟/黄磊/柳岩/吴莫愁/伍嘉成/赵磊/谷嘉诚/彭楚粤/陈泽希/郭子凡/肖战/焉栩嘉/夏之光/姜超/娄艺潇/张俪,喜剧/动作/奇幻/古装,上一集与胡巴分别后，天荫（井柏然 饰）带着小岚（白百何 饰）踏上寻父之路，在义薄云天的天师堂堂主云大哥（杨祐宁 饰）的帮助下，二人得知天荫父亲宋戴天的护妖轨迹；而重回永宁村的胡巴再度被妖王追杀，颠沛流离逃亡时结识大赌徒屠四谷（梁朝伟 饰）和一只妖怪，三人一起过着相依为命的生活，但又因屠四谷欠下的巨额赌债横生诸多波折。与此同时 ，江湖盛传小妖王胡巴的重金悬赏令，妖界大军、天师精英、绿林草莽闻风而动，多方势力为抢夺胡巴在清水镇掀起腥风血雨。千钧一发之际，念子心切的天荫和小岚通过天师堂找到胡巴并一起逃离险境。岂料，一场更大的惊天阴谋尾随而至，伺机而动……,110分钟,2018-02-16(中国大陆), 中国大陆 / 中国香港, 汉语普通话,298080.0,5.0,2.3%,8.0%,39.4%,36.5%,13.8%,89774.0,1272.0,https://img9.doubanio.com/view/photo/s_ratio_poster/public/p2509643816.jpg
41,23,蜘蛛侠：平行宇宙 Spider-Man: Into the Spider-Verse,2018,鲍勃·佩尔西凯蒂/彼得·拉姆齐/罗德尼·罗斯曼,菲尔·罗德/罗德尼·罗斯曼/布莱恩·本迪斯/萨拉·皮凯利/史蒂夫·迪特寇/斯坦·李/戴维·海因/法布里斯·萨波尔斯基,沙梅克·摩尔/杰克·约翰逊/海莉·斯坦菲尔德/马赫沙拉·阿里/布莱恩·泰里·亨利/莉莉·汤姆林/劳伦·维勒斯/佐伊·克罗维兹/约翰·木兰尼/贵美子·格伦/尼古拉斯·凯奇/凯瑟琳·哈恩/列维·施瑞博尔/克里斯·派恩/娜塔丽·莫瑞丝/奥斯卡·伊萨克/格里塔·李/斯坦·李/乔玛·塔科内/华金·科西奥/蕾克·贝尔/梅勒妮·海恩斯/尼克·杰恩/穆尼卜·拉赫曼/卡洛斯·萨拉戈萨/黛西·罗斯·布莱内斯/里夫·霍顿/哈里森·奈特/莱克斯·朗/凯特琳·麦肯纳-威尔金森/斯科特·门维尔/克里斯托弗·米勒/德维卡·帕利赫/柯特妮·佩尔顿/克里斯蒂·法瑞斯/杰奎琳·皮诺尔/贾斯汀·沉卡罗/梅利莎·斯特姆,动作/科幻/动画/冒险,正就读中学的少年迈尔斯（沙梅克·摩尔 Shameik Moore 配音）意外被一只遭受放射性污染的蜘蛛咬伤，随后身体发生奇特的变化。偶然机缘，他目睹了蜘蛛侠（克里斯·派恩 Chris Pine 配音）和犯罪头目金并（列维·施瑞博尔 Liev Schreiber 配音）的战斗。为了阻止金并利用时空对撞机扰乱宇宙，蜘蛛侠最终壮烈牺牲。可未过多久，来自平行宇宙的颓废的彼德·帕克（杰克·约翰逊 Jake M. Johnson 配音）出现在迈尔斯面前。为了阻止金并的阴谋，并帮助这个帕克返回自己的宇宙，他们闯入金并的老巢。在这一过程中，二人遭到章鱼博士和徘徊者的狙击。与此同时，来自其他宇宙的女蜘蛛侠、暗影蜘蛛侠、蜘猪侠、二次元蜘蛛妹相继出现。,116分钟(中国大陆),2018-12-21(中国大陆)/2018-12-14(美国), 美国, 英语 / 西班牙语,485416.0,8.6,45.8%,40.6%,12.4%,0.9%,0.3%,125017.0,965.0,https://img9.doubanio.com/view/photo/s_ratio_poster/public/p2542867516.jpg
42,24,快把我哥带走,2018,郑芬芬,赵越/郑芬芬/吕旭,张子枫/彭昱畅/赵今麦/孙泽源/周翊然/刘冠毅/姜宏波/徐光宇,喜剧/奇幻,拥有一个每天耍贱整蛊妹妹、毫无家庭感的哥哥是一种什么感受？油炸还是蒸锅？时秒只希望哥哥时分彻底消失！连珍贵的生日愿望都是“快把我哥带走”。不料愿望成真，哥哥变成闺蜜妙妙的哥哥，时秒同情妙妙的同时心里暗爽摆脱“大魔王”！变成独生女的时秒感觉生活无限美好，但却发现时分除了整天和好基友甄开心、万岁插科打诨、整蛊妹妹妙妙之外，还隐藏着不为人知的秘密……,115分钟,2018-08-17(中国大陆), 中国大陆, 汉语普通话,308939.0,6.9,10.9%,34.9%,42.9%,9.4%,1.9%,95478.0,1528.0,https://img9.doubanio.com/view/photo/s_ratio_poster/public/p2531080870.jpg
43,25,影,2018,张艺谋,李威/张艺谋,邓超/孙俪/郑恺/王千源/王景春/胡军/关晓彤/吴磊/封柏,剧情/动作/武侠/古装,战乱年代，群雄并起。割据一方的沛国安于现状，一任国主沛良（郑恺 饰）慨歌太平。要冲之地境州早年为强邻炎国借去，而今据而不还。沛国都督子虞（邓超 饰）前往讨伐，却中了对方大将杨苍（胡军 饰）的拖刀，重伤不愈。心有不甘的子虞暗中派出替身境州（邓超 饰）假扮自己，总理军政，内则使令夫人小艾（孙俪 饰）襄助。真假子虞切磋战法，寻求破解杨苍刀法的绝技。而另一方面，沛良恼怒子虞私自约战杨苍，不惜将妹妹青萍（关晓彤 饰）嫁于杨苍之子为妾媾和。淫雨霏霏，连日不开。境州上空，杀戮与机谋纠缠撕裂……,116分钟,2018-09-30(中国大陆)/2018-09-06(威尼斯电影节), 中国大陆 / 中国香港, 汉语普通话,484456.0,7.2,13.5%,43.9%,35.1%,5.9%,1.6%,150906.0,4214.0,https://img9.doubanio.com/view/photo/s_ratio_poster/public/p2530513100.jpg
44,26,巴斯特·斯克鲁格斯的歌谣 The Ballad of Buster Scruggs,2018,伊桑·科恩/乔尔·科恩,伊桑·科恩/乔尔·科恩,哈利·米尔林/佐伊·卡赞/连姆·尼森/詹姆斯·弗兰科/大卫·克朗姆霍茨/汤姆·威兹/克兰西·布朗/蒂姆·布雷克·尼尔森/布莱丹·格里森/比尔·赫克/斯蒂芬·鲁特/泰恩·黛莉/拉尔夫·伊内森/切尔西·罗斯/绍尔·鲁宾内克/琼乔·奥雷尔/马修·维利希/杰西·卢肯/保罗·瑞/格兰杰·海恩斯/杰弗森·梅斯/山姆·狄龙/比利·洛克伍德/汤姆·普罗克特/E·E·贝尔/丹尼·麦卡锡/杰克莫·巴泽尔/伊索·阿克瑞恩,喜剧/歌舞/西部,,133分钟,2018-08-31(威尼斯电影节)/2018-11-16(美国), 美国, 英语,86528.0,8.5,38.7%,48.7%,11.6%,0.8%,0.2%,22675.0,268.0,https://img9.doubanio.com/view/photo/s_ratio_poster/public/p2539127687.jpg
45,27,大黄蜂 Bumblebee,2018,特拉维斯·奈特,克里斯蒂娜·霍德森,海莉·斯坦菲尔德/小豪尔赫·兰登伯格/约翰·塞纳/杰森·德鲁克/帕梅拉·阿德龙/斯蒂芬·施耐德/里卡多·霍约斯/约翰·奥提兹/格林·特鲁曼/兰·卡琉/格蕾丝·达斯恩妮/弗里德·杜莱尔/蓝尼·雅各布森 /梅金·普莱斯/萨钦·巴特/蒂姆·马丁·格里森/安东尼奥·查丽蒂/艾德文·霍德吉/拉斯·斯兰德/迪伦·奥布莱恩/彼特·库伦/安吉拉·贝塞特/贾斯汀·塞洛克斯/大卫·索博洛夫/格蕾·德丽斯勒/史蒂夫·布卢姆/安德鲁·莫尔加多/威廉·W·巴伯/罗伯特·切斯纳特/米歇尔·方/克里斯蒂安·哈切森/里克·理查森/瓦内萨·罗斯/波士顿·拉什·弗里曼/托尼·托斯特/迪娜·特鲁迪/艾蒂安·维克,动作/科幻/冒险,,114分钟,2019-01-04(中国大陆)/2018-12-21(美国), 美国 / 中国大陆, 英语,325395.0,7.0,11.4%,38.1%,42.2%,7.2%,1.1%,91458.0,1300.0,https://img9.doubanio.com/view/photo/s_ratio_poster/public/p2541662397.jpg
46,28,网络谜踪 Searching,2018,阿尼什·查甘蒂,阿尼什·查甘蒂/赛弗·奥哈尼安,约翰·赵/米切尔·拉/黛博拉·梅辛/约瑟夫·李/萨拉·米博·孙/亚历克丝·杰恩·高/刘玥辰/刘卡雅/多米尼克·霍夫曼/西尔维亚·米纳西安/梅丽莎·迪斯尼/康纳·麦克雷斯/科林·伍德尔/约瑟夫·约翰·谢尔勒/阿什丽·艾德纳/考特尼·劳伦·卡明斯/托马斯·巴布萨卡/朱莉·内桑森/罗伊·阿布拉姆森/盖奇·比尔托福/肖恩·奥布赖恩/瑞克·萨拉比亚/布拉德·阿布瑞尔/加布里埃尔·D·安吉尔,剧情/悬疑/惊悚/犯罪,工程师大卫·金（约翰·赵 饰）一直引以为傲的16岁乖女玛戈特突然失踪。前来调查此案的警探怀疑女儿离家出走。不满这一结论的父亲为了寻找真相，独自展开调查。他打开了女儿的笔记本电脑，用社交软件开始寻找破案线索。大卫必须在女儿消失之前，沿着她在虚拟世界的足迹找到她…,102分钟,2018-12-14(中国大陆)/2018-01-20(圣丹斯电影节)/2018-08-24(美国), 美国 / 俄罗斯, 英语,393575.0,8.6,40.1%,48.7%,10.6%,0.5%,0.1%,103634.0,964.0,https://img9.doubanio.com/view/photo/s_ratio_poster/public/p2542848758.jpg
