id,title,url,isCrawed
25662329,疯狂动物城,https://movie.douban.com/subject/25662329/,0
26683290,你的名字。,https://movie.douban.com/subject/26683290/,0
26387939,摔跤吧！爸爸,https://movie.douban.com/subject/26387939/,0
3742360,让子弹飞,https://movie.douban.com/subject/3742360/,0
3319755,怦然心动,https://movie.douban.com/subject/3319755/,0
3541415,盗梦空间,https://movie.douban.com/subject/3541415/,0
25986180,釜山行,https://movie.douban.com/subject/25986180/,0
1889243,星际穿越,https://movie.douban.com/subject/1889243/,0
1929463,少年派的奇幻漂流,https://movie.douban.com/subject/1929463/,0
3287562,神偷奶爸,https://movie.douban.com/subject/3287562/,0
26311973,唐人街探案,https://movie.douban.com/subject/26311973/,0
26580232,看不见的客人,https://movie.douban.com/subject/26580232/,0
25964071,夏洛特烦恼,https://movie.douban.com/subject/25964071/,0
25921812,驴得水,https://movie.douban.com/subject/25921812/,0
11026735,超能陆战队,https://movie.douban.com/subject/11026735/,0
5912992,熔炉,https://movie.douban.com/subject/5912992/,0
4739952,初恋这件小事,https://movie.douban.com/subject/4739952/,0
3025375,奇异博士,https://movie.douban.com/subject/3025375/,0
10741834,复仇者联盟2：奥创纪元,https://movie.douban.com/subject/10741834/,0
1866479,复仇者联盟,https://movie.douban.com/subject/1866479/,0
4920528,那些年，我们一起追的女孩,https://movie.douban.com/subject/4920528/,0
19944106,美人鱼,https://movie.douban.com/subject/19944106/,0
5045678,大鱼海棠,https://movie.douban.com/subject/5045678/,0
3011235,哈利·波特与死亡圣器(下),https://movie.douban.com/subject/3011235/,0
25958717,海蒂和爷爷,https://movie.douban.com/subject/25958717/,0
25820460,美国队长3,https://movie.douban.com/subject/25820460/,0
7065154,银河护卫队,https://movie.douban.com/subject/7065154/,0
2334904,禁闭岛,https://movie.douban.com/subject/2334904/,0
1866473,蚁人,https://movie.douban.com/subject/1866473/,0
1907966,疯狂原始人,https://movie.douban.com/subject/1907966/,0
2138838,美国队长,https://movie.douban.com/subject/2138838/,0
21937452,素媛,https://movie.douban.com/subject/21937452/,0
2051007,哈利·波特与死亡圣器(上),https://movie.douban.com/subject/2051007/,0
3231742,钢铁侠3,https://movie.douban.com/subject/3231742/,0
26325320,血战钢锯岭,https://movie.douban.com/subject/26325320/,0
3066739,钢铁侠2,https://movie.douban.com/subject/3066739/,0
25815034,湄公河行动,https://movie.douban.com/subject/25815034/,0
6786002,触不可及,https://movie.douban.com/subject/6786002/,0
10574622,人再囧途之泰囧,https://movie.douban.com/subject/10574622/,0
2353023,驯龙高手,https://movie.douban.com/subject/2353023/,0
6390823,美国队长2,https://movie.douban.com/subject/6390823/,0
11525673,布达佩斯大饭店,https://movie.douban.com/subject/11525673/,0
6560058,雷神2：黑暗世界,https://movie.douban.com/subject/6560058/,0
24751756,老炮儿,https://movie.douban.com/subject/24751756/,0
1866471,雷神,https://movie.douban.com/subject/1866471/,0
4202982,冰雪奇缘,https://movie.douban.com/subject/4202982/,0
26277313,西游记之大圣归来,https://movie.douban.com/subject/26277313/,0
3395373,蝙蝠侠：黑暗骑士崛起,https://movie.douban.com/subject/3395373/,0
26393561,小萝莉的猴神大叔,https://movie.douban.com/subject/26393561/,0
25827935,七月与安生,https://movie.douban.com/subject/25827935/,0
25934014,爱乐之城,https://movie.douban.com/subject/25934014/,0
21318488,消失的爱人,https://movie.douban.com/subject/21318488/,0
25723907,捉妖记,https://movie.douban.com/subject/25723907/,0
10777687,7号房的礼物,https://movie.douban.com/subject/10777687/,0
25716096,狗十三,https://movie.douban.com/subject/25716096/,0
25864085,火星救援,https://movie.douban.com/subject/25864085/,0
21937445,辩护人,https://movie.douban.com/subject/21937445/,0
5989818,萤火之森,https://movie.douban.com/subject/5989818/,0
24404677,超体,https://movie.douban.com/subject/24404677/,0
6534248,无敌破坏王,https://movie.douban.com/subject/6534248/,0
4915857,神偷奶爸2,https://movie.douban.com/subject/4915857/,0
10577869,时空恋旅人,https://movie.douban.com/subject/10577869/,0
21360417,恐怖直播,https://movie.douban.com/subject/21360417/,0
6791750,起风了,https://movie.douban.com/subject/6791750/,0
3075287,源代码,https://movie.douban.com/subject/3075287/,0
3364223,了不起的盖茨比,https://movie.douban.com/subject/3364223/,0
5308265,西游降魔篇,https://movie.douban.com/subject/5308265/,0
6517421,惊天魔盗团,https://movie.douban.com/subject/6517421/,0
26366465,我的少女时代,https://movie.douban.com/subject/26366465/,0
26628357,一个叫欧维的男人决定去死,https://movie.douban.com/subject/26628357/,0
24719063,烈日灼心,https://movie.douban.com/subject/24719063/,0
24753810,战狼,https://movie.douban.com/subject/24753810/,0
3077412,寻龙诀,https://movie.douban.com/subject/3077412/,0
1858711,玩具总动员3,https://movie.douban.com/subject/1858711/,0
10741643,我的个神啊,https://movie.douban.com/subject/10741643/,0
10533913,头脑特工队,https://movie.douban.com/subject/10533913/,0
4202302,借东西的小人阿莉埃蒂,https://movie.douban.com/subject/4202302/,0
10463953,模仿游戏,https://movie.douban.com/subject/10463953/,0
4237879,人在囧途,https://movie.douban.com/subject/4237879/,0
6307447,被解救的姜戈,https://movie.douban.com/subject/6307447/,0
25870084,重返20岁,https://movie.douban.com/subject/25870084/,0
3718279,死侍,https://movie.douban.com/subject/3718279/,0
25726614,神奇动物在哪里,https://movie.douban.com/subject/25726614/,0
26289144,滚蛋吧！肿瘤君,https://movie.douban.com/subject/26289144/,0
26259677,垫底辣妹,https://movie.douban.com/subject/26259677/,0
24405378,王牌特工：特工学院,https://movie.douban.com/subject/24405378/,0
11529526,中国合伙人,https://movie.douban.com/subject/11529526/,0
25710912,港囧,https://movie.douban.com/subject/25710912/,0
10432911,流感,https://movie.douban.com/subject/10432911/,0
25717233,心花路放,https://movie.douban.com/subject/25717233/,0
3071441,雪国列车,https://movie.douban.com/subject/3071441/,0
1978709,黑天鹅,https://movie.douban.com/subject/1978709/,0
23761370,速度与激情7,https://movie.douban.com/subject/23761370/,0
3649049,金陵十三钗,https://movie.douban.com/subject/3649049/,0
10831445,百鸟朝凤,https://movie.douban.com/subject/10831445/,0
25814705,小森林 夏秋篇,https://movie.douban.com/subject/25814705/,0
25798222,亲爱的,https://movie.douban.com/subject/25798222/,0
3592854,疯狂的麦克斯4：狂暴之路,https://movie.douban.com/subject/3592854/,0
4286017,速度与激情5,https://movie.douban.com/subject/4286017/,0
26280528,从你的全世界路过,https://movie.douban.com/subject/26280528/,0
11589036,功夫熊猫3,https://movie.douban.com/subject/11589036/,0
4917726,阳光姐妹淘,https://movie.douban.com/subject/4917726/,0
25814707,小森林 冬春篇,https://movie.douban.com/subject/25814707/,0
5322596,超脱,https://movie.douban.com/subject/5322596/,0
25895276,煎饼侠,https://movie.douban.com/subject/25895276/,0
11624706,小黄人大眼萌,https://movie.douban.com/subject/11624706/,0
3792799,岁月神偷,https://movie.douban.com/subject/3792799/,0
25662337,惊天魔盗团2,https://movie.douban.com/subject/25662337/,0
26614893,完美陌生人,https://movie.douban.com/subject/26614893/,0
25773932,爆裂鼓手,https://movie.douban.com/subject/25773932/,0
25917973,心迷宫,https://movie.douban.com/subject/25917973/,0
20645098,小王子,https://movie.douban.com/subject/20645098/,0
24750126,荒蛮故事,https://movie.douban.com/subject/24750126/,0
10485647,X战警：逆转未来,https://movie.douban.com/subject/10485647/,0
4824512,驯龙高手2,https://movie.douban.com/subject/4824512/,0
24875534,十二公民,https://movie.douban.com/subject/24875534/,0
25807345,彗星来的那一夜,https://movie.douban.com/subject/25807345/,0
4268598,告白,https://movie.douban.com/subject/4268598/,0
25895901,海街日记,https://movie.douban.com/subject/25895901/,0
25786060,X战警：天启,https://movie.douban.com/subject/25786060/,0
4301224,沉睡魔咒,https://movie.douban.com/subject/4301224/,0
10437779,新世界,https://movie.douban.com/subject/10437779/,0
10808442,爱在午夜降临前,https://movie.douban.com/subject/10808442/,0
20376577,小时代,https://movie.douban.com/subject/20376577/,0
3718424,金刚狼2,https://movie.douban.com/subject/3718424/,0
2132473,僵尸世界大战,https://movie.douban.com/subject/2132473/,0
25805741,后会无期,https://movie.douban.com/subject/25805741/,0
25724855,房间,https://movie.douban.com/subject/25724855/,0
10574468,北京遇上西雅图,https://movie.douban.com/subject/10574468/,0
3821067,一代宗师,https://movie.douban.com/subject/3821067/,0
3227410,加勒比海盗4：惊涛怪浪,https://movie.douban.com/subject/3227410/,0
4873490,失恋33天,https://movie.douban.com/subject/4873490/,0
25745752,左耳,https://movie.douban.com/subject/25745752/,0
25977027,小姐,https://movie.douban.com/subject/25977027/,0
20470074,言叶之庭,https://movie.douban.com/subject/20470074/,0
3569910,自杀小队,https://movie.douban.com/subject/3569910/,0
3168089,X战警：第一战,https://movie.douban.com/subject/3168089/,0
6973376,致我们终将逝去的青春,https://movie.douban.com/subject/6973376/,0
21324900,降临,https://movie.douban.com/subject/21324900/,0
24743711,催眠大师,https://movie.douban.com/subject/24743711/,0
3233635,功夫熊猫2,https://movie.douban.com/subject/3233635/,0
6982558,长城,https://movie.douban.com/subject/6982558/,0
24745500,绣春刀,https://movie.douban.com/subject/24745500/,0
6536180,黑暗面,https://movie.douban.com/subject/6536180/,0
10440138,侏罗纪世界,https://movie.douban.com/subject/10440138/,0
6985810,狩猎,https://movie.douban.com/subject/6985810/,0
3274505,猩球崛起,https://movie.douban.com/subject/3274505/,0
1966182,霍比特人1：意外之旅,https://movie.douban.com/subject/1966182/,0
2973079,霍比特人3：五军之战,https://movie.douban.com/subject/2973079/,0
2129132,超凡蜘蛛侠,https://movie.douban.com/subject/2129132/,0
26419637,误杀瞒天记,https://movie.douban.com/subject/26419637/,0
25980443,海边的曼彻斯特,https://movie.douban.com/subject/25980443/,0
25919910,师父,https://movie.douban.com/subject/25919910/,0
26313973,我是证人,https://movie.douban.com/subject/26313973/,0
11606328,霍比特人2：史矛革之战,https://movie.douban.com/subject/11606328/,0
20471852,生化危机：终章,https://movie.douban.com/subject/20471852/,0
24879858,分手大师,https://movie.douban.com/subject/24879858/,0
6874403,再次出发之纽约遇见你,https://movie.douban.com/subject/6874403/,0
2133323,白日梦想家,https://movie.douban.com/subject/2133323/,0
4746257,明日边缘,https://movie.douban.com/subject/4746257/,0
4727460,好想告诉你,https://movie.douban.com/subject/4727460/,0
2997076,华尔街之狼,https://movie.douban.com/subject/2997076/,0
3804891,无人区,https://movie.douban.com/subject/3804891/,0
26334559,澳门风云3,https://movie.douban.com/subject/26334559/,0
5323968,环太平洋,https://movie.douban.com/subject/5323968/,0
24847340,小时代3：刺金时代,https://movie.douban.com/subject/24847340/,0
6082518,超凡蜘蛛侠2,https://movie.douban.com/subject/6082518/,0
7046723,猩球崛起2：黎明之战,https://movie.douban.com/subject/7046723/,0
24847343,小时代4：灵魂尽头,https://movie.douban.com/subject/24847343/,0
24860563,招魂2,https://movie.douban.com/subject/24860563/,0
2336785,爱丽丝梦游仙境,https://movie.douban.com/subject/2336785/,0
3789848,怪兽大学,https://movie.douban.com/subject/3789848/,0
25779218,匆匆那年,https://movie.douban.com/subject/25779218/,0
4191644,一天,https://movie.douban.com/subject/4191644/,0
26322792,北京遇上西雅图之不二情书,https://movie.douban.com/subject/26322792/,0
6844868,狼少年,https://movie.douban.com/subject/6844868/,0
6537500,速度与激情6,https://movie.douban.com/subject/6537500/,0
1793929,达拉斯买家俱乐部,https://movie.douban.com/subject/1793929/,0
3596502,唐山大地震,https://movie.douban.com/subject/3596502/,0
25929151,遇见你之前,https://movie.douban.com/subject/25929151/,0
3068206,碟中谍4,https://movie.douban.com/subject/3068206/,0
4212172,十二生肖,https://movie.douban.com/subject/4212172/,0
4889554,暮光之城4：破晓(下),https://movie.douban.com/subject/4889554/,0
24721493,小时代2：青木时代,https://movie.douban.com/subject/24721493/,0
21817627,爱宠大机密,https://movie.douban.com/subject/21817627/,0
3592853,饥饿游戏,https://movie.douban.com/subject/3592853/,0
26354572,欢乐好声音,https://movie.douban.com/subject/26354572/,0
5327268,荒野猎人,https://movie.douban.com/subject/5327268/,0
7054604,变形金刚4：绝迹重生,https://movie.douban.com/subject/7054604/,0
25920885,神探夏洛克：可恶的新娘,https://movie.douban.com/subject/25920885/,0
4218768,画皮2,https://movie.douban.com/subject/4218768/,0
10605978,私人订制,https://movie.douban.com/subject/10605978/,0
3289086,暮光之城3：月食,https://movie.douban.com/subject/3289086/,0
26290365,恶棍天使,https://movie.douban.com/subject/26290365/,0
4023638,国王的演讲,https://movie.douban.com/subject/4023638/,0
24843198,同桌的妳,https://movie.douban.com/subject/24843198/,0
3269068,精灵旅社,https://movie.douban.com/subject/3269068/,0
21327493,精灵旅社2,https://movie.douban.com/subject/21327493/,0
26290642,致青春·原来你还在这里,https://movie.douban.com/subject/26290642/,0
24750534,蝙蝠侠大战超人：正义黎明,https://movie.douban.com/subject/24750534/,0
26320029,万万没想到,https://movie.douban.com/subject/26320029/,0
3289081,暮光之城4：破晓(上),https://movie.douban.com/subject/3289081/,0
11510624,全民目击,https://movie.douban.com/subject/11510624/,0
24735062,青春派,https://movie.douban.com/subject/24735062/,0
2131940,魔兽,https://movie.douban.com/subject/2131940/,0
25858785,澳门风云2,https://movie.douban.com/subject/25858785/,0
3610047,变形金刚3,https://movie.douban.com/subject/3610047/,0
26685451,流浪猫鲍勃,https://movie.douban.com/subject/26685451/,0
26021055,栀子花开,https://movie.douban.com/subject/26021055/,0
10594965,实习生,https://movie.douban.com/subject/10594965/,0
6874456,饥饿游戏2：星火燎原,https://movie.douban.com/subject/6874456/,0
20505982,寒战2,https://movie.douban.com/subject/20505982/,0
21349345,移动迷宫,https://movie.douban.com/subject/21349345/,0
26336253,使徒行者,https://movie.douban.com/subject/26336253/,0
4305436,志明与春娇,https://movie.douban.com/subject/4305436/,0
26284621,追凶者也,https://movie.douban.com/subject/26284621/,0
3804629,招魂,https://movie.douban.com/subject/3804629/,0
6533054,饥饿游戏3：嘲笑鸟(上),https://movie.douban.com/subject/6533054/,0
6549903,逃离德黑兰,https://movie.douban.com/subject/6549903/,0
21441132,爱丽丝梦游仙境2：镜中奇遇记,https://movie.douban.com/subject/21441132/,0
26264454,声之形,https://movie.douban.com/subject/26264454/,0
25662327,火锅英雄,https://movie.douban.com/subject/25662327/,0
26630781,我不是潘金莲,https://movie.douban.com/subject/26630781/,0
22715021,僵尸,https://movie.douban.com/subject/22715021/,0
10807909,智取威虎山,https://movie.douban.com/subject/10807909/,0
25797778,冰川时代5：星际碰撞,https://movie.douban.com/subject/25797778/,0
6875263,灰姑娘,https://movie.douban.com/subject/6875263/,0
4135710,Hello！树先生,https://movie.douban.com/subject/4135710/,0
25798448,解救吾先生,https://movie.douban.com/subject/25798448/,0
6722879,她,https://movie.douban.com/subject/6722879/,0
3578981,叶问2：宗师传奇,https://movie.douban.com/subject/3578981/,0
25890005,山河故人,https://movie.douban.com/subject/25890005/,0
6890730,寒战,https://movie.douban.com/subject/6890730/,0
1863766,魔发奇缘,https://movie.douban.com/subject/1863766/,0
4914468,冰川时代4,https://movie.douban.com/subject/4914468/,0
10727641,碟中谍5：神秘国度,https://movie.douban.com/subject/10727641/,0
25793398,海洋奇缘,https://movie.douban.com/subject/25793398/,0
26416603,萨利机长,https://movie.douban.com/subject/26416603/,0
20020577,推拿,https://movie.douban.com/subject/20020577/,0
6879185,为奴十二年,https://movie.douban.com/subject/6879185/,0
2998373,帕丁顿熊,https://movie.douban.com/subject/2998373/,0
10047547,饥饿游戏3：嘲笑鸟(下),https://movie.douban.com/subject/10047547/,0
26611076,溺水小刀,https://movie.douban.com/subject/26611076/,0
3642835,黑衣人3,https://movie.douban.com/subject/3642835/,0
3771562,普罗米修斯,https://movie.douban.com/subject/3771562/,0
26726098,他是龙,https://movie.douban.com/subject/26726098/,0
3813779,剑雨,https://movie.douban.com/subject/3813779/,0
24815950,万物理论,https://movie.douban.com/subject/24815950/,0
10763164,扫毒,https://movie.douban.com/subject/10763164/,0
4876722,钢的琴,https://movie.douban.com/subject/4876722/,0
3071604,丹麦女孩,https://movie.douban.com/subject/3071604/,0
25881786,前任2：备胎反击战,https://movie.douban.com/subject/25881786/,0
6011806,厨子戏子痞子,https://movie.douban.com/subject/6011806/,0
5996409,东京家族,https://movie.douban.com/subject/5996409/,0
10535568,阿黛尔的生活,https://movie.douban.com/subject/10535568/,0
4151110,山楂树之恋,https://movie.douban.com/subject/4151110/,0
3412830,狄仁杰之通天帝国,https://movie.douban.com/subject/3412830/,0
4896304,龙门飞甲,https://movie.douban.com/subject/4896304/,0
21941804,白日焰火,https://movie.douban.com/subject/21941804/,0
11625097,澳门风云,https://movie.douban.com/subject/11625097/,0
24751763,罗曼蒂克消亡史,https://movie.douban.com/subject/24751763/,0
3041294,生化危机4：战神再生,https://movie.douban.com/subject/3041294/,0
3205624,社交网络,https://movie.douban.com/subject/3205624/,0
26301582,微微一笑很倾城,https://movie.douban.com/subject/26301582/,0
26615208,隐藏人物,https://movie.douban.com/subject/26615208/,0
25769362,哆啦A梦：伴我同行,https://movie.douban.com/subject/25769362/,0
21352814,归来,https://movie.douban.com/subject/21352814/,0
26259634,何以笙箫默,https://movie.douban.com/subject/26259634/,0
5319835,101次求婚,https://movie.douban.com/subject/5319835/,0
3025447,金蝉脱壳,https://movie.douban.com/subject/3025447/,0
6799191,搜索,https://movie.douban.com/subject/6799191/,0
6532822,生化危机5：惩罚,https://movie.douban.com/subject/6532822/,0
26290367,谁的青春不迷茫,https://movie.douban.com/subject/26290367/,0
26696879,你好，疯子！,https://movie.douban.com/subject/26696879/,0
26879060,情圣,https://movie.douban.com/subject/26879060/,0
3338862,终结者：创世纪,https://movie.douban.com/subject/3338862/,0
11598977,叶问3,https://movie.douban.com/subject/11598977/,0
26694988,比海更深,https://movie.douban.com/subject/26694988/,0
4826419,金福南杀人事件始末,https://movie.douban.com/subject/4826419/,0
6057942,隐秘而伟大,https://movie.douban.com/subject/6057942/,0
25798131,疾速追杀,https://movie.douban.com/subject/25798131/,0
3793783,地心引力,https://movie.douban.com/subject/3793783/,0
26611801,一念天堂,https://movie.douban.com/subject/26611801/,0
25777636,奇幻森林,https://movie.douban.com/subject/25777636/,0
21349734,博物馆奇妙夜3,https://movie.douban.com/subject/21349734/,0
24879839,道士下山,https://movie.douban.com/subject/24879839/,0
25849006,陆垚知马俐,https://movie.douban.com/subject/25849006/,0
3743114,黄海,https://movie.douban.com/subject/3743114/,0
25932086,我是谁：没有绝对安全的系统,https://movie.douban.com/subject/25932086/,0
11810348,马达加斯加的企鹅,https://movie.douban.com/subject/11810348/,0
25983044,比利·林恩的中场战事,https://movie.douban.com/subject/25983044/,0
6126442,一步之遥,https://movie.douban.com/subject/6126442/,0
4848115,你看起来好像很好吃,https://movie.douban.com/subject/4848115/,0
6386345,春娇与志明,https://movie.douban.com/subject/6386345/,0
4881607,撒娇女人最好命,https://movie.douban.com/subject/4881607/,0
25911694,摆渡人,https://movie.douban.com/subject/25911694/,0
6011805,一九四二,https://movie.douban.com/subject/6011805/,0
24827406,九层妖塔,https://movie.douban.com/subject/24827406/,0
25954475,聚焦,https://movie.douban.com/subject/25954475/,0
7059671,最佳出价,https://movie.douban.com/subject/7059671/,0
23331914,狂怒,https://movie.douban.com/subject/23331914/,0
21937438,蒙太奇,https://movie.douban.com/subject/21937438/,0
25858604,普罗旺斯的夏天,https://movie.douban.com/subject/25858604/,0
20326665,星球大战7：原力觉醒,https://movie.douban.com/subject/20326665/,0
26354526,睡在我上铺的兄弟,https://movie.douban.com/subject/26354526/,0
5323957,安德的游戏,https://movie.douban.com/subject/5323957/,0
2303845,刺客聂隐娘,https://movie.douban.com/subject/2303845/,0
26410594,隧道,https://movie.douban.com/subject/26410594/,0
2049435,超人：钢铁之躯,https://movie.douban.com/subject/2049435/,0
4319218,午夜巴黎,https://movie.douban.com/subject/4319218/,0
25787888,八恶人,https://movie.douban.com/subject/25787888/,0
5153254,爱你，罗茜,https://movie.douban.com/subject/5153254/,0
10757577,卡罗尔,https://movie.douban.com/subject/10757577/,0
25859495,思悼,https://movie.douban.com/subject/25859495/,0
25938803,莫娣,https://movie.douban.com/subject/25938803/,0
5153329,名侦探柯南：天空的遇难船,https://movie.douban.com/subject/5153329/,0
11614603,整容日记,https://movie.douban.com/subject/11614603/,0
6860160,悲惨世界,https://movie.douban.com/subject/6860160/,0
26094129,名侦探柯南：业火的向日葵,https://movie.douban.com/subject/26094129/,0
10537853,万箭穿心,https://movie.douban.com/subject/10537853/,0
