index,title,year,director,screenwriter,actors,type,summary,runtime,pubtime,country,language,scoreNum,score,star5,star4,star3,star2,star1,smallCommentNum,longCommentNum,posterurl
0,我不是药神,2018,文牧野,韩家女/钟伟/文牧野,徐峥/王传君/周一围/谭卓/章宇/杨新鸣/王佳佳/王砚辉/贾晨飞/龚蓓苾/宁浩/李乃文/岳小军/苇青/富冠铭/巴拉特·巴蒂/喜利图/张海艳/朱耕佑,剧情/喜剧,普通中年男子程勇（徐峥 饰）经营着一家保健品店，失意又失婚。不速之客吕受益（王传君 饰）的到来，让他开辟了一条去印度买药做“代购”的新事业，虽然困难重重，但他在这条“买药之路”上发现了商机，一发不可收拾地做起了治疗慢粒白血病的印度仿制药独家代理商。赚钱的同时，他也认识了几个病患及家属，为救女儿被迫做舞女的思慧（谭卓 饰）、说一口流利“神父腔”英语的刘牧师（杨新鸣 饰），以及脾气暴烈的“黄毛”（章宇 饰），几个人合伙做起了生意，利润倍增的同时也危机四伏。程勇昔日的小舅子曹警官（周一围 饰）奉命调查仿制药的源头，假药贩子张长林（王砚辉 饰）和瑞士正牌医药代表（李乃文 饰）也对其虎视眈眈，生意逐渐变成了一场关于救赎的拉锯战。,117分钟,2018-07-05(中国大陆)/2018-06-30(大规模点映), 中国大陆, 汉语普通话 / 英语 / 上海话 / 印地语,1551579.0,9.0,57.9%,34.6%,6.8%,0.5%,0.2%,411495.0,16772.0,https://img9.doubanio.com/view/photo/s_ratio_poster/public/p2561305376.jpg
1,绿皮书 Green Book,2018,彼得·法雷里,尼克·瓦莱隆加/布莱恩·库瑞/彼得·法雷里,维果·莫腾森/马赫沙拉·阿里/琳达·卡德里尼/塞巴斯蒂安·马尼斯科/迪米特·D·马里诺夫/迈克·哈顿/P·J·伯恩/乔·柯蒂斯/玛姬·尼克松/冯·刘易斯/乔恩·索特兰/唐·斯达克/安东尼·曼加诺/保罗·斯隆/珍娜·劳伦索/肯尼斯·以色列/伊克博·塞巴/尼克·瓦莱隆加/大卫·安/迈克·切罗内/杰拉尔丁·辛格/马丁·巴特斯·布拉德福德/格拉伦·布莱恩特·班克斯/汤姆·维图/夏恩·帕特洛/丹尼斯·W·霍尔/吉姆·克洛克/戴恩·罗兹/布赖恩·斯特帕尼克/乔恩·迈克尔·戴维斯/布莱恩·库瑞/托尼亚·马尔多纳多,剧情/喜剧/传记,托尼（维果·莫腾森 Viggo Mortensen 饰）是一个吊儿郎当游手好闲的混混，在一家夜总会做侍者。这间夜总会因故要停业几个月，可托尼所要支付的房租和生活费不会因此取消，所以他的当务之急是去寻找另一份工作来填补这几个月的空缺。在这个节骨眼上，一位名叫唐雪莉（马赫沙拉·阿里 Mahershala Ali 饰）的黑人钢琴家提出雇佣托尼。,130分钟,2019-03-01(中国大陆)/2018-09-11(多伦多电影节)/2018-11-16(美国), 美国, 英语 / 意大利语 / 俄语 / 德语,1129289.0,8.9,54.7%,38.2%,6.6%,0.3%,0.1%,282201.0,6195.0,https://img9.doubanio.com/view/photo/s_ratio_poster/public/p2549177902.jpg
2,何以为家 كفرناحوم,2018,娜丁·拉巴基,娜丁·拉巴基/吉哈德·霍加里/米歇尔·凯斯沃尼/乔治斯·哈巴兹/哈立德·穆扎纳,赞恩·阿尔·拉菲亚/约丹诺斯·希费罗/博鲁瓦蒂夫·特雷杰·班科尔/卡萨尔·艾尔·哈达德/法迪·尤瑟夫/海塔·塞德拉·伊扎姆/阿拉·乔什涅/娜丁·拉巴基/埃利亚斯·库利/努尔·艾尔·侯赛尼,剧情,法庭上，十二岁的男孩赞恩向法官状告他的亲生父母，原因是，他们给了他生命。是什么样的经历让一个孩子做出如此不可思议的举动？故事中，赞恩的父母在无力抚养和教育的状况下依然不停生育，作为家中的长子赞恩，弱小的肩膀承担了无数生活的重压。当妹妹被强行卖给商贩为妻时，赞恩愤怒离家，之后遇到一对没有合法身份的母子，相互扶持勉强生活。然而生活并没有眷顾赞恩，重重磨难迫使他做出了令人震惊的举动……,126分钟,2019-04-29(中国大陆)/2018-05-17(戛纳电影节)/2018-09-20(黎巴嫩), 黎巴嫩 / 法国 / 美国, 阿拉伯语 / 阿姆哈拉语,705231.0,9.1,61.6%,33.1%,4.9%,0.3%,0.1%,179517.0,4154.0,https://img9.doubanio.com/view/photo/s_ratio_poster/public/p2555295759.jpg
3,红海行动,2018,林超贤,冯骥/陈珠珠/林明杰,张译/黄景瑜/海清/杜江/蒋璐霞/尹昉/王强/郭家豪/王雨甜/麦亨利/张涵予/王彦霖,动作/战争,中东国家伊维亚共和国发生政变，武装冲突不断升级。刚刚在索马里执行完解救人质任务的海军护卫舰临沂号，受命前往伊维亚执行撤侨任务。舰长高云（张涵予 饰）派出杨锐（张译 饰）率领的蛟龙突击队登陆战区，护送华侨安全撤离。谁知恐怖组织扎卡却将撤侨部队逼入交火区，一场激烈的战斗在所难免。与此同时，法籍华人记者夏楠（海清 饰）正在伊维亚追查威廉·柏森博士贩卖核原料的事实，而扎卡则突袭柏森博士所在的公司，意图抢走核原料。混战中，一名隶属柏森博士公司的中国员工成为人质。为了解救该人质，八名蛟龙队员必须潜入有150名恐怖分子的聚集点，他们用自己的信念和鲜血铸成中国军人顽强不屈的丰碑！,138分钟,2018-02-16(中国大陆)/2020-07-24(中国大陆重映), 中国大陆 / 中国香港, 汉语普通话 / 阿拉伯语 / 英语 / 索马里语 / 粤语,830273.0,8.3,38.0%,42.4%,16.5%,2.3%,0.9%,222154.0,5985.0,https://img9.doubanio.com/view/photo/s_ratio_poster/public/p2514119443.jpg
4,头号玩家 Ready Player One,2018,史蒂文·斯皮尔伯格,扎克·佩恩/恩斯特·克莱恩,泰伊·谢里丹/奥利维亚·库克/本·门德尔森/马克·里朗斯/丽娜·维特/森崎温/赵家正/西蒙·佩吉/T·J·米勒/汉娜·乔恩-卡门/拉尔夫·伊内森/苏珊·林奇/克莱尔·希金斯/劳伦斯·斯佩尔曼/佩蒂塔·维克斯/艾萨克·安德鲁斯,动作/科幻/冒险,故事发生在2045年，虚拟现实技术已经渗透到了人类生活的每一个角落。詹姆斯哈利迪（马克·里朗斯 Mark Rylance 饰）一手建造了名为“绿洲”的虚拟现实游戏世界，临终前，他宣布自己在游戏中设置了一个彩蛋，找到这枚彩蛋的人即可成为绿洲的继承人。要找到这枚彩蛋，必须先获得三把钥匙，而寻找钥匙的线索就隐藏在詹姆斯的过往之中。,140分钟,2018-03-30(中国大陆)/2018-03-11(西南偏南电影节)/2018-03-29(美国), 美国, 英语 / 日语 / 汉语普通话,1043732.0,8.7,48.4%,38.0%,12.1%,1.2%,0.4%,259870.0,6161.0,https://img9.doubanio.com/view/photo/s_ratio_poster/public/p2516578307.jpg
5,调音师 Andhadhun,2018,斯里兰姆·拉格万,阿里吉特·比沙什/约戈什·查德卡尔/斯里兰姆·拉格万/赫曼斯·饶/普哈·拉达·瑟蒂/奥利维耶·特雷内 ,阿尤斯曼·库拉纳/塔布/拉迪卡·艾普特/安尔·德霍万/马纳夫·维吉/阿什维尼·卡尔塞卡/查亚·卡达姆/萨基尔·侯赛因/拉什米·阿格德卡/莫希尼·凯瓦拉曼,喜剧/悬疑/惊悚/犯罪,双目失明的钢琴家阿卡什（阿尤斯曼·库拉纳 Ayushmann Khurrana 饰）为了参加国际大赛，平日里通过私人授课赚取经费。事实上他的眼睛完全正常，只不过希望通过这种方式感受不同的生活。因为一场意外，阿卡什结识了美丽的姑娘苏菲（拉迪卡·艾普特 Radhika Apte 饰）。凭借出色的演奏技巧，阿卡什在苏菲父亲经营的西餐馆谋得兼职。他的演奏不仅令食客们倾倒，更虏获了苏菲的心。某天，阿卡什接受过气的影星普拉默（安尔·德霍万 Anil Dhawan 饰）的邀请，登门为对方的妻子西米（塔布 Tabu 饰）演奏庆生，谁知却亲眼目睹了倒在血泊中的普拉默的尸体。惊慌失措的阿卡什假装镇定，虽然暂时骗过了西米及其情夫，但是他的秘密还是慢慢被人戳穿……,139分钟,2019-04-03(中国大陆)/2018-10-05(印度), 印度, 印地语 / 英语,701087.0,8.3,33.8%,48.9%,15.5%,1.6%,0.3%,182609.0,2966.0,https://img9.doubanio.com/view/photo/s_ratio_poster/public/p2551995207.jpg
6,西虹市首富,2018,闫非/彭大魔,闫非/彭大魔/林炳宝,沈腾/宋芸桦/张一鸣/张晨光/常远/魏翔/赵自强/九孔/李立群/王成思/徐冬冬/艾伦/杨皓宇/黄才伦/王力宏/包贝尔/郎咸平/张绍刚/杨文哲/陶亮/王赞/黄杨/刘鉴/杨沅翰/林炳宝/骆佳/陈昊明/臧一人,喜剧,西虹市丙级球队大翔队的守门员王多鱼（沈腾 饰）因比赛失利被教练开除，一筹莫展之际王多鱼突然收到神秘人士金老板（张晨光 饰）的邀请，被告知自己竟然是保险大亨王老太爷（李立群 饰）的唯一继承人，遗产高达百亿！但是王老太爷给出了一个非常奇葩的条件，那就是要求王多鱼在一个月内花光十亿，还不能告诉身边人，否则失去继承权。王多鱼毫不犹豫签下了“军令状”，与好友庄强（张一鸣 饰）以及财务夏竹（宋芸桦 饰）一起开启了“挥金之旅”，即将成为西虹市首富的王多鱼，第一次感受到了做富人的快乐，同时也发现想要挥金如土实在没有那么简单！,118分钟,2018-07-27(中国大陆), 中国大陆, 汉语普通话,803459.0,6.6,9.7%,29.3%,44.3%,13.0%,3.7%,216857.0,3632.0,https://img9.doubanio.com/view/photo/s_ratio_poster/public/p2529206747.jpg
7,唐人街探案2,2018,陈思诚,陈思诚,王宝强/刘昊然/肖央/刘承羽/尚语贤/王迅/妻夫木聪/迈克尔·皮特/白灵/元华/曾江/王成思/杨金赐/范湉湉/佟丽娅/陈思诚,喜剧/动作/悬疑,唐仁（王宝强 饰）为巨额奖金欺骗秦风（刘昊然 饰）到纽约参加世界名侦探大赛，然而随着和世界各国侦探们啼笑皆非的较量，两人却发现了隐藏在这次挑战背后的更大秘密...,121分钟,2018-02-16(中国大陆), 中国大陆, 汉语普通话,714259.0,6.7,8.2%,33.3%,44.6%,10.8%,3.1%,196898.0,3995.0,https://img9.doubanio.com/view/photo/s_ratio_poster/public/p2512717519.jpg
8,海王 Aquaman,2018,温子仁,大卫·莱斯利·约翰逊-麦戈德里克/威尔·比尔/乔夫·琼斯/温子仁/莫尔特·魏辛格/保罗·诺里斯,杰森·莫玛/艾梅柏·希尔德/威廉·达福/帕特里克·威尔森/妮可·基德曼/杜夫·龙格尔/叶海亚·阿卜杜勒-迈丁/特穆拉·莫里森/林路迪/迈克尔·比奇/兰道尔·朴/格拉汉姆·麦克泰维什/雷·沃纳尔/泰努伊·柯克伍德/塔穆尔·柯克伍德/丹泽尔·夸克/卡恩·古尔杜尔/奥蒂斯·丹吉/克考亚·克库毛诺/朱莉·安德鲁斯/约翰·瑞斯-戴维斯/杰曼·翰苏/索菲亚·福雷斯特/娜塔莉·萨福兰/杰克·安德鲁/汉克·阿莫斯/帕特里克·考克斯/罗伯特·朗斯特里特/德维卡·帕利赫/梅布尔·塔莫内/文森特·B·拉戈斯/加布里埃拉·佩特科娃/爱丽丝·兰斯伯里/帕特里克·艾奇逊/约翰·盖蒂尔/塔丽亚·杰德·霍尔特/罗斯·克纳汉/布拉登·刘易斯/萨尔瓦多·梅伦达/山姆·莫纳汉/温妮·穆赞贝/凯·潘塔诺/安娜·帕奇/乔恩·奎斯蒂德/迪伦·斯图默/米奇·武尔夫,动作/奇幻/冒险,许多年前，亚特兰蒂斯女王（妮可·基德曼 Nicole Kidman 饰）和人类相知相恋，共同孕育了爱情的结晶——后来被陆地人称为海王的亚瑟·库瑞（杰森·莫玛 Jason Momoa 饰）。在成长的过程中，亚瑟接受海底导师维科（威廉·达福 Willem Dafoe 饰）的严苛训练，时刻渴望去看望母亲，然而作为混血的私生子这却是奢望。与此同时，亚瑟的同母异父兄弟奥姆（帕特里克·威尔森 Patrick Wilson 饰）成为亚特兰蒂斯的国王，他不满陆地人类对大海的荼毒与污染，遂谋划联合其他海底王国发动对陆地的全面战争。为了阻止他的野心，维科和奥姆的未婚妻湄拉（艾梅柏·希尔德 Amber Heard 饰）将亚瑟带到海底世界。,143分钟,2018-12-07(中国大陆)/2018-12-21(美国), 美国 / 澳大利亚, 英语 / 毛利语 / 意大利语 / 俄语,743582.0,7.6,21.3%,43.1%,30.3%,4.5%,0.9%,224100.0,2855.0,https://img9.doubanio.com/view/photo/s_ratio_poster/public/p2541280047.jpg
9,无名之辈,2018,饶晓志,饶晓志/雷志龙,陈建斌/任素汐/潘斌龙/章宇/王砚辉/九孔/马吟吟/程怡/宁桓宇/邓恩熙/谢波/范翔/赵梓冲/史策/马睿瀚/林海/邓钢,剧情/喜剧,来自乡村的笨贼眼镜（章宇 饰）和大头（潘斌龙 饰）抢了一家手机店，慌乱之中逃进坐着轮椅的单身女子嘉旗（任素汐 饰）的家中。嘉旗早已失去活着的欲望，她强横地要求俩笨贼杀死自己。另一边，某楼盘老板资金链断裂跑路，留下保安马先勇（陈建斌 饰）与讨债者周旋。马曾经是立功无数的协警，可就在转正的关头因为一场车祸毁了原本看似美好的一切。不久前他挖到一把喷子，原本打算交给当初的警察好友立功，却发现喷子被换成了水枪。而成为了新闻的手机抢劫案，让马先勇意识到喷子正在劫匪的手上。,108分钟,2018-11-16(中国大陆), 中国大陆, 汉语普通话 / 贵州话,834317.0,8.1,29.5%,48.1%,19.6%,2.4%,0.4%,223115.0,6304.0,https://img9.doubanio.com/view/photo/s_ratio_poster/public/p2539661066.jpg
10,复仇者联盟3：无限战争 Avengers: Infinity War,2018,安东尼·罗素/乔·罗素,杰克·科比/克里斯托弗·马库斯/斯蒂芬·麦克菲利/吉姆·斯特林,小罗伯特·唐尼/克里斯·海姆斯沃斯/克里斯·埃文斯/马克·鲁弗洛/乔什·布洛林/佐伊·索尔达娜/本尼迪克特·康伯巴奇/克里斯·帕拉特/汤姆·赫兰德/伊丽莎白·奥尔森/保罗·贝坦尼/斯嘉丽·约翰逊/查德维克·博斯曼/塞巴斯蒂安·斯坦/唐·钱德尔/汤姆·希德勒斯顿/安东尼·麦凯/本尼迪克特·王/戴夫·巴蒂斯塔/布莱德利·库珀/范·迪塞尔/凯伦·吉兰/利蒂希娅·赖特/庞·克莱门捷夫/凯莉·库恩/汤姆-沃恩-劳勒/海登·瓦尔希/迈克尔·詹姆斯·肖/泰瑞·诺塔里/本尼西奥·德尔·托罗/彼特·丁拉基/罗斯·马昆德/丹娜·奎里拉/温斯顿·杜克/弗洛伦丝·卡松巴/塞缪尔·杰克逊/雅各布·巴特朗/斯坦·李,动作/科幻/奇幻/冒险,最先与灭霸军团遭遇的雷神索尔一行遭遇惨烈打击，洛基遇害，空间宝石落入灭霸之手。未几，灭霸的先锋部队杀至地球，一番缠斗后掳走奇异博士。为阻止时间宝石落入敌手，斯塔克和蜘蛛侠闯入了敌人的飞船。与此同时，拥有心灵宝石的幻视也遭到外星侵略者的袭击，为此美国队长、黑寡妇等人将其带到瓦坎达王国，向黑豹求助。幸免于难的索尔与星爵一行相逢，随后他们兵分两路。索尔与火箭、格鲁特踏上再铸雷神之锤的旅程，星爵则与卡魔拉等人试图阻止灭霸的恶行。而知晓灵魂宝石下落的卡魔拉，同样是其义父灭霸追踪的对象。,149分钟,2018-05-11(中国大陆)/2018-04-23(加州首映)/2018-04-27(美国), 美国, 英语,670038.0,8.1,33.3%,43.9%,19.7%,2.3%,0.8%,172024.0,3591.0,https://img9.doubanio.com/view/photo/s_ratio_poster/public/p2517753454.jpg
11,一出好戏,2018,黄渤,黄渤/张冀/郭俊立/查慕春/崔斯韦/邢爱娜/黄湛中,黄渤/舒淇/王宝强/张艺兴/于和伟/王迅/李勤勤/李又麟/宁浩/管虎/梁静/徐峥/陈德森/张磊,剧情/喜剧,马进欠下债务，与远房表弟小兴在底层社会摸爬滚打，习惯性的买彩票，企图一夜暴富，并迎娶自己的同事姗姗。一日，公司全体员工出海团建，途中，马进收到了彩票中头奖的信息，六千万！就在马进狂喜自己翻身的日子终于到来之际，一场突如其来的滔天巨浪打破了一切。苏醒过来的众人发现身处荒岛 ，丧失了一切与外界的联系……,134分钟,2018-08-10(中国大陆), 中国大陆, 汉语普通话,755061.0,7.1,12.0%,41.3%,37.9%,7.0%,1.8%,204855.0,5866.0,https://img9.doubanio.com/view/photo/s_ratio_poster/public/p2529571873.jpg
12,毒液：致命守护者 Venom,2018,鲁本·弗雷斯彻,杰夫·皮克纳/斯科特·罗森伯格/凯莉·马塞尔/托德·麦克法兰/大卫·米其林,汤姆·哈迪/米歇尔·威廉姆斯/里兹·阿迈德/斯科特·黑兹/里德·斯科特/珍妮·斯蕾特/梅洛拉·沃尔特斯/伍迪·哈里森/佩吉·陆/马尔科姆·C·默里/索佩·阿卢科/韦恩·佩雷/米歇尔·李/库尔特·岳/克里斯·奥哈拉/埃米里奥·瑞弗拉/阿里亚当娜·约瑟夫/袁之正/朴云龙/麦克·勃兰特/尼克·图恩/山姆·麦地那/迪塞尔·马德金斯/简·麦克尼尔/维克托·麦凯/马丁·巴特斯·布拉德福德/布兰顿·莫拉莱斯/马修·康威尔/斯坦·李/韦德·威廉姆斯/约瑟夫·阿梅/威廉·W·巴伯/玛塞拉·布拉吉奥/卡特·伯奇/克里斯蒂安·康佛瑞/詹姆斯·富尔特斯/丹妮拉·加斯基/约翰·盖蒂尔/艾米丽塔·T·冈萨雷斯/杰克·汉森/安东尼·B·哈里斯/卡茜·亨德利/罗恩·彼得·琼斯/霍梅洛·洛佩兹/万恩·姆约维奇,动作/科幻/惊悚,艾迪（汤姆·哈迪 Tom Hardy 饰）是一位深受观众喜爱的新闻记者，和女友安妮（米歇尔·威廉姆斯 Michelle Williams 饰）相恋多年，彼此之间感情十分要好。安妮是一名律师，接手了生命基金会的案件，在女友的邮箱里，艾迪发现了基金会老板德雷克（里兹·阿迈德 Riz Ahmed 饰）不为人知的秘密。为此，艾迪不仅丢了工作，女友也离他而去。,112分钟,2018-11-09(中国大陆)/2018-10-05(美国), 美国 / 中国大陆, 英语 / 汉语普通话,674655.0,7.2,12.2%,42.9%,39.5%,4.8%,0.6%,171982.0,1567.0,https://img9.doubanio.com/view/photo/s_ratio_poster/public/p2537158013.jpg
13,小偷家族 万引き家族,2018,是枝裕和,是枝裕和,中川雅也/安藤樱/松冈茉优/城桧吏/佐佐木美结/树木希林/绪形直人/池松壮亮/森口瑶子/山田裕贵/片山萌美/柄本明/高良健吾/池胁千鹤/足立智充,剧情/家庭/犯罪,东京的都市丛林中央，残存着一栋古旧寒酸的老房子，这里局促地生活着柴田一家五口人。在工地当临时工的男人阿治（Lily Franky 饰）经常带着儿子祥太（城桧吏 饰）到超市盗窃生活用品，这一天，他们回家路上遇到了独自待在户外的四岁女孩由里（佐佐木美结 饰）。妻子信代（安藤樱 饰）起初极力主张将女孩送回父母身边，但当看到女孩原生家庭的状况时又心生恻隐。原本柴田家就靠着老奶奶初枝（树木希林 饰）的养老金度日，而今多了一口人，自然更艰辛了几分。包括信代的妹妹亚纪（松冈茉优 饰）在内，虽然一家人游走在贫困和违法的边缘，但笃深的羁绊将他们紧紧联系在一起，使他们的心不会随着冰冷的都市而寒冷下去……,117分钟(中国大陆),2018-08-03(中国大陆)/2018-05-13(戛纳电影节)/2018-06-08(日本), 日本, 日语,606710.0,8.7,44.9%,44.6%,9.6%,0.7%,0.2%,152483.0,4021.0,https://img9.doubanio.com/view/photo/s_ratio_poster/public/p2530599636.jpg
14,无双 無雙,2018,庄文强,庄文强,周润发/郭富城/张静初/冯文娟/廖启智/周家怡/王耀庆/方中信/高捷/邢佳栋/张松枝/张建声/吴嘉龙/孙佳君,剧情/动作/悬疑/犯罪,身陷囹圄的李问（郭富城 饰）被引渡回港，他原本隶属于一个的跨国假钞制贩组织。该组织曾犯下过多宗恶性案件，而首脑“画家”不仅始终逍遥法外，连真面目都没人知道。为了逼迫李问吐露“画家”真实身份，警方不惜用足以判死刑的假罪证使其就范。就在此时，富有的遗孀阮文（张静初 饰）申请保释李问，而警方提出的条件依然是“画家”的真面目。,130分钟,2018-09-30(中国大陆)/2018-10-04(中国香港), 中国大陆 / 中国香港, 汉语普通话 / 粤语 / 英语 / 泰语 / 波兰语,751854.0,8.1,26.3%,53.0%,18.7%,1.6%,0.3%,200099.0,2964.0,https://img9.doubanio.com/view/photo/s_ratio_poster/public/p2535260806.jpg
15,超时空同居,2018,苏伦,苏伦,雷佳音/佟丽娅/张衣/于和伟/王正佳/陶虹/李念/李光洁/杨玏/范明/徐峥/杨迪/方龄/陈昊,喜剧/爱情/奇幻,生活在2018年的大龄女青年谷小焦（佟丽娅 饰），梦想能够嫁一个能买得起她幼时豪宅的有钱人，却屡屡受挫，只能蜗居在一栋老居民楼里。生活在1999年的陆鸣（雷佳音 饰）手握着自己设计的宏伟蓝图，却始终找不到投资人，同时也面临重大的事业危机。奇怪的时刻来临了，失意的两个人回到家中居然发生了惊人的一幕，同一扇门关上后居然是两个时空的交汇点，两个不同时空的人相遇了，为了拯救自己的未来，两人共商大计，开启了幻想一夜暴富的一系列措施，引发了啼笑皆非的连锁反应。而他们不知道的是，两个时空的重叠是人为的操控，他们每走一步都会引发不可预知的结果，更要命的事，本来只是视对方为赚钱拍档的两人引发了爱的火花……,101分钟,2018-05-18(中国大陆), 中国大陆, 汉语普通话,437863.0,6.8,8.2%,35.8%,47.4%,7.6%,1.1%,118843.0,1986.0,https://img9.doubanio.com/view/photo/s_ratio_poster/public/p2520331478.jpg
16,无问西东,2018,李芳芳,李芳芳,章子怡/黄晓明/张震/王力宏/陈楚生/铁政/祖峰/米雪/王盛德/韩童生/王鑫/郑铮/章泽天/黄梦莹/林美秀/保罗·菲利普·克拉克/胡家华/伊娜/吴谨言/纪帅/王天泽/伍麟凯/都金翰,剧情/爱情/战争,,138分钟,2018-01-12(中国大陆), 中国大陆, 汉语普通话,608727.0,7.6,25.5%,39.2%,26.7%,6.6%,2.0%,177867.0,9481.0,https://img9.doubanio.com/view/photo/s_ratio_poster/public/p2507572275.jpg
17,邪不压正,2018,姜文,姜文/何冀平/李非/孙悦/张北海,彭于晏/廖凡/姜文/周韵/许晴/泽田谦也/安地/史航/李梦/丁嘉丽/陈曦,剧情/喜剧/动作,七七事变前夕，华裔青年小亨德勒（彭于晏 饰）从美国远赴重洋，回到阔别十数年之久的北平从医。然而他真正的名字叫李天然，十三岁那年曾亲眼目睹师父一家遭师兄朱潜龙（廖凡 饰）和日本人根本一郎（泽田谦也 饰）灭门。侥幸逃生的天然被美国人亨德勒医生送往大洋彼岸，接受了极其严苛的训练，而今他怀着绝密的任务踏上故土。亨德勒父子租住神秘男子蓝青峰（姜文 饰）的宅子，蓝是当年辛亥革命的参与者，他与现为警察局长的朱潜龙过从甚密，却又以杀死李天然为筹码，暗中怂恿朱除掉根本一郎。复仇心切的李天然寻找到了仇人，而亨德勒医生则全力阻止养子冒险。在这一过程中，交际花唐凤仪（许晴 饰）与裁缝关巧红（周韵 饰）也卷入了男人的勾心斗角的漩涡里。直到七七事变爆发，所有的矛盾迎来了决断的时刻……,137分钟,2018-07-13(中国大陆), 中国大陆, 汉语普通话 / 英语 / 日语 / 法语,567506.0,7.0,14.0%,37.1%,38.3%,8.4%,2.3%,165406.0,4512.0,https://img9.doubanio.com/view/photo/s_ratio_poster/public/p2526297221.jpg
18,黑豹 Black Panther,2018,瑞恩·库格勒,瑞恩·库格勒/乔·罗伯特·科尔/斯坦·李/杰克·科比,查德维克·博斯曼/露皮塔·尼永奥/迈克尔·B·乔丹/丹娜·奎里拉/马丁·弗瑞曼/丹尼尔·卡卢亚/利蒂希娅·赖特/温斯顿·杜克/斯特林·K·布朗/安吉拉·贝塞特/福里斯特·惠特克/安迪·瑟金斯/弗洛伦丝·卡松巴/约翰·卡尼/大卫·S·李/娜比娅·毕,动作/科幻/冒险,位于非洲的神秘国家瓦坎达，凭借来自宇宙的振金而成为科技极度发达的国家，不过他们长久封闭，始终对外界保守这个秘密。在前国王死于联合国爆炸袭击后，特查拉王子（查德维克·博斯曼 Chadwick Boseman 饰）继任成为新的国王，同时他也是黑豹的继承者。登基之后，特查拉与前女友娜吉雅（露皮塔·尼永奥 Lupita Nyong'o 饰）、贴身侍卫奥姆烨（丹娜·奎里拉 Danai Gurira 饰）追查曾经盗取振金并杀害瓦坎达人的尤利西斯·克劳（安迪·瑟金斯 Andy Serkis 饰）。一番厮杀后，克劳侥幸逃脱，谁知最终死于合伙人艾瑞克·克尔芒戈（迈克尔·B·乔丹 Michael B. Jordan 饰）之手。艾瑞克同样具有瓦坎达血统，而且当年他的父亲死在了自己的兄弟——特查拉父亲的手中。,134分钟,2018-03-09(中国大陆)/2018-02-16(美国), 美国 / 南非 / 韩国 / 澳大利亚, 斯瓦希里语 / 英语 / 科萨语 / 韩语,375590.0,6.5,6.5%,27.0%,52.1%,12.0%,2.3%,94312.0,1652.0,https://img9.doubanio.com/view/photo/s_ratio_poster/public/p2512123434.jpg
19,蚁人2：黄蜂女现身 Ant-Man and the Wasp,2018,佩顿·里德,克里斯·麦克纳/埃里克·萨默斯/保罗·路德/安德鲁·贝伦/加百利·法拉利,保罗·路德/伊万杰琳·莉莉/迈克尔·佩纳/汉娜·乔恩-卡门/沃尔顿·戈金斯/鲍比·坎纳瓦尔/朱迪·格雷尔/T.I./大卫·达斯马齐连/艾比·莱德·弗特森/兰道尔·朴/米歇尔·菲佛/劳伦斯·菲什伯恩/迈克尔·道格拉斯/戈兰·卡斯蒂克/罗布·阿切尔/肖恩·克莱尔/本·戴维斯/迈克尔·瑟沃瑞斯/达克斯·格里芬/海莉·洛维特/玛德琳·麦格劳/蒂姆·海德克/布莱恩·赫斯基/朱莉娅·维拉/布莱恩·卢戈/托里·沃格尔/汤姆·夏普林/斯坦·李/约瑟夫·阿梅/安迪·阿尼斯/威廉·W·巴伯/玛塞拉·布拉吉奥/塞尔吉奥·布里奥内斯/乔·布卡罗三世/蒂莫西·卡尔/贾迈尔·钱伯斯/扎卡里·卡伯森/雅各布·埃文斯/米歇尔·方/盖尔·甘布尔/克里斯·加恩/约翰·盖蒂尔/杰克·汉森/卡茜·亨德利,动作/科幻/冒险,由于在“内战”中站到了美国队长一方，蚁人斯科特·朗（保罗·路德 Paul Rudd 饰）遭到了FBI的禁足惩罚。眼看离真正的自由还有几天功夫，偏偏麻烦找上门来。原来初代蚁人汉克·皮姆（迈克尔·道格拉斯 Michael Douglas 饰）通过研究发现，他的妻子黄蜂女（米歇尔·菲佛 Michelle Pfeiffer 饰）一定还活在量子领域，而斯科特是能够将妻子带回现实世界的唯一希望。不由分说，汉克的女儿霍普（伊万杰琳·莉莉 Nicole Lilly 饰）将斯科特带出房间。此后不久，他们不仅要躲避FBI的纠缠，更要提防来自神秘势力的袭击，而“幽灵”的出现更将斯科特等人带向前所未有的混乱当中。,118分钟,2018-08-24(中国大陆)/2018-07-06(美国), 美国, 英语,389280.0,7.3,12.1%,45.9%,38.1%,3.6%,0.4%,80974.0,481.0,https://img9.doubanio.com/view/photo/s_ratio_poster/public/p2529389608.jpg
20,动物世界,2018,韩延,韩延,李易峰/迈克尔·道格拉斯/周冬雨/曹炳琨/王戈/苏可,剧情/动作/冒险,在游戏机厅做着兼职“小丑”的郑开司（李易峰 饰），幼时父亲突然失踪，母亲重病住院，使得郑开司的生活非常拮据。发小“大虾米”（曹炳琨 饰）借口买房骗下了郑开司父亲留下的房产，还给他带来了巨额的欠债。神秘人物（迈克尔·道格拉斯 Michael Douglas 饰）出现，告诉郑开司，只要参加“命运号”游轮上的神秘游戏，就有机会偿还完所有欠款，一无所有的郑开司为了给青梅竹马的护士刘青（周冬雨 饰）和母亲更好的生活，只得登上游轮，开始了生存游戏，一场以“剪刀、石头、布”展开的生死较量即将登场……,132分钟,2018-06-29(中国大陆), 中国大陆, 汉语普通话 / 英语,445796.0,7.2,11.9%,46.0%,35.3%,5.3%,1.4%,142502.0,4299.0,https://img9.doubanio.com/view/photo/s_ratio_poster/public/p2525528688.jpg
21,波西米亚狂想曲 Bohemian Rhapsody,2018,布莱恩·辛格,安东尼·麦卡滕/皮特·摩根,拉米·马雷克/本·哈迪/约瑟夫·梅泽罗/格威利姆·李/艾伦·里奇/露西·宝通/艾丹·吉伦/汤姆·霍兰德/麦克·梅尔斯/阿隆·麦克卡斯克/梅内卡·达斯/迪基·博/蒂姆· 普莱斯特/杰克·罗思/马克斯·班内特/基兰·哈德卡斯托/罗斯·格林/布鲁斯·麦克金伦/米歇尔·邓肯/马特·格林伍德/罗茜·本杰明/约翰·奥特曼/詹姆斯·华莱士/文森特·阿德里安/拉斯科·阿特金斯/乔纳森·奇塔姆/迈克尔·科布/耶稣·加洛/亚当·兰伯特/豪尔赫·莱昂·马丁内斯/杰森· 莱恩斯/伊斯雷尔·鲁兹,剧情/同性/音乐/传记,本片是对皇后乐队、传奇主唱弗雷迪·莫库里以及他们音乐的致敬盛宴，这是一段充满爱、痛苦、接纳和音乐的旅程。,135分钟,2019-03-22(中国大陆)/2018-11-02(美国), 英国 / 美国, 英语,424808.0,8.7,50.4%,37.7%,10.6%,1.1%,0.2%,124077.0,1560.0,https://img9.doubanio.com/view/photo/s_ratio_poster/public/p2549558913.jpg
22,捉妖记2,2018,许诚毅,吴炜伦/陈咏燊/苏亮,梁朝伟/白百何/井柏然/李宇春/杨祐宁/大鹏/吴君如/曾志伟/黄磊/柳岩/吴莫愁/伍嘉成/赵磊/谷嘉诚/彭楚粤/陈泽希/郭子凡/肖战/焉栩嘉/夏之光/姜超/娄艺潇/张俪,喜剧/动作/奇幻/古装,上一集与胡巴分别后，天荫（井柏然 饰）带着小岚（白百何 饰）踏上寻父之路，在义薄云天的天师堂堂主云大哥（杨祐宁 饰）的帮助下，二人得知天荫父亲宋戴天的护妖轨迹；而重回永宁村的胡巴再度被妖王追杀，颠沛流离逃亡时结识大赌徒屠四谷（梁朝伟 饰）和一只妖怪，三人一起过着相依为命的生活，但又因屠四谷欠下的巨额赌债横生诸多波折。与此同时 ，江湖盛传小妖王胡巴的重金悬赏令，妖界大军、天师精英、绿林草莽闻风而动，多方势力为抢夺胡巴在清水镇掀起腥风血雨。千钧一发之际，念子心切的天荫和小岚通过天师堂找到胡巴并一起逃离险境。岂料，一场更大的惊天阴谋尾随而至，伺机而动……,110分钟,2018-02-16(中国大陆), 中国大陆 / 中国香港, 汉语普通话,298080.0,5.0,2.3%,8.0%,39.4%,36.5%,13.8%,89774.0,1272.0,https://img9.doubanio.com/view/photo/s_ratio_poster/public/p2509643816.jpg
23,蜘蛛侠：平行宇宙 Spider-Man: Into the Spider-Verse,2018,鲍勃·佩尔西凯蒂/彼得·拉姆齐/罗德尼·罗斯曼,菲尔·罗德/罗德尼·罗斯曼/布莱恩·本迪斯/萨拉·皮凯利/史蒂夫·迪特寇/斯坦·李/戴维·海因/法布里斯·萨波尔斯基,沙梅克·摩尔/杰克·约翰逊/海莉·斯坦菲尔德/马赫沙拉·阿里/布莱恩·泰里·亨利/莉莉·汤姆林/劳伦·维勒斯/佐伊·克罗维兹/约翰·木兰尼/贵美子·格伦/尼古拉斯·凯奇/凯瑟琳·哈恩/列维·施瑞博尔/克里斯·派恩/娜塔丽·莫瑞丝/奥斯卡·伊萨克/格里塔·李/斯坦·李/乔玛·塔科内/华金·科西奥/蕾克·贝尔/梅勒妮·海恩斯/尼克·杰恩/穆尼卜·拉赫曼/卡洛斯·萨拉戈萨/黛西·罗斯·布莱内斯/里夫·霍顿/哈里森·奈特/莱克斯·朗/凯特琳·麦肯纳-威尔金森/斯科特·门维尔/克里斯托弗·米勒/德维卡·帕利赫/柯特妮·佩尔顿/克里斯蒂·法瑞斯/杰奎琳·皮诺尔/贾斯汀·沉卡罗/梅利莎·斯特姆,动作/科幻/动画/冒险,正就读中学的少年迈尔斯（沙梅克·摩尔 Shameik Moore 配音）意外被一只遭受放射性污染的蜘蛛咬伤，随后身体发生奇特的变化。偶然机缘，他目睹了蜘蛛侠（克里斯·派恩 Chris Pine 配音）和犯罪头目金并（列维·施瑞博尔 Liev Schreiber 配音）的战斗。为了阻止金并利用时空对撞机扰乱宇宙，蜘蛛侠最终壮烈牺牲。可未过多久，来自平行宇宙的颓废的彼德·帕克（杰克·约翰逊 Jake M. Johnson 配音）出现在迈尔斯面前。为了阻止金并的阴谋，并帮助这个帕克返回自己的宇宙，他们闯入金并的老巢。在这一过程中，二人遭到章鱼博士和徘徊者的狙击。与此同时，来自其他宇宙的女蜘蛛侠、暗影蜘蛛侠、蜘猪侠、二次元蜘蛛妹相继出现。,116分钟(中国大陆),2018-12-21(中国大陆)/2018-12-14(美国), 美国, 英语 / 西班牙语,485416.0,8.6,45.8%,40.6%,12.4%,0.9%,0.3%,125017.0,965.0,https://img9.doubanio.com/view/photo/s_ratio_poster/public/p2542867516.jpg
24,快把我哥带走,2018,郑芬芬,赵越/郑芬芬/吕旭,张子枫/彭昱畅/赵今麦/孙泽源/周翊然/刘冠毅/姜宏波/徐光宇,喜剧/奇幻,拥有一个每天耍贱整蛊妹妹、毫无家庭感的哥哥是一种什么感受？油炸还是蒸锅？时秒只希望哥哥时分彻底消失！连珍贵的生日愿望都是“快把我哥带走”。不料愿望成真，哥哥变成闺蜜妙妙的哥哥，时秒同情妙妙的同时心里暗爽摆脱“大魔王”！变成独生女的时秒感觉生活无限美好，但却发现时分除了整天和好基友甄开心、万岁插科打诨、整蛊妹妹妙妙之外，还隐藏着不为人知的秘密……,115分钟,2018-08-17(中国大陆), 中国大陆, 汉语普通话,308939.0,6.9,10.9%,34.9%,42.9%,9.4%,1.9%,95478.0,1528.0,https://img9.doubanio.com/view/photo/s_ratio_poster/public/p2531080870.jpg
25,影,2018,张艺谋,李威/张艺谋,邓超/孙俪/郑恺/王千源/王景春/胡军/关晓彤/吴磊/封柏,剧情/动作/武侠/古装,战乱年代，群雄并起。割据一方的沛国安于现状，一任国主沛良（郑恺 饰）慨歌太平。要冲之地境州早年为强邻炎国借去，而今据而不还。沛国都督子虞（邓超 饰）前往讨伐，却中了对方大将杨苍（胡军 饰）的拖刀，重伤不愈。心有不甘的子虞暗中派出替身境州（邓超 饰）假扮自己，总理军政，内则使令夫人小艾（孙俪 饰）襄助。真假子虞切磋战法，寻求破解杨苍刀法的绝技。而另一方面，沛良恼怒子虞私自约战杨苍，不惜将妹妹青萍（关晓彤 饰）嫁于杨苍之子为妾媾和。淫雨霏霏，连日不开。境州上空，杀戮与机谋纠缠撕裂……,116分钟,2018-09-30(中国大陆)/2018-09-06(威尼斯电影节), 中国大陆 / 中国香港, 汉语普通话,484456.0,7.2,13.5%,43.9%,35.1%,5.9%,1.6%,150906.0,4214.0,https://img9.doubanio.com/view/photo/s_ratio_poster/public/p2530513100.jpg
26,巴斯特·斯克鲁格斯的歌谣 The Ballad of Buster Scruggs,2018,伊桑·科恩/乔尔·科恩,伊桑·科恩/乔尔·科恩,哈利·米尔林/佐伊·卡赞/连姆·尼森/詹姆斯·弗兰科/大卫·克朗姆霍茨/汤姆·威兹/克兰西·布朗/蒂姆·布雷克·尼尔森/布莱丹·格里森/比尔·赫克/斯蒂芬·鲁特/泰恩·黛莉/拉尔夫·伊内森/切尔西·罗斯/绍尔·鲁宾内克/琼乔·奥雷尔/马修·维利希/杰西·卢肯/保罗·瑞/格兰杰·海恩斯/杰弗森·梅斯/山姆·狄龙/比利·洛克伍德/汤姆·普罗克特/E·E·贝尔/丹尼·麦卡锡/杰克莫·巴泽尔/伊索·阿克瑞恩,喜剧/歌舞/西部,,133分钟,2018-08-31(威尼斯电影节)/2018-11-16(美国), 美国, 英语,86528.0,8.5,38.7%,48.7%,11.6%,0.8%,0.2%,22675.0,268.0,https://img9.doubanio.com/view/photo/s_ratio_poster/public/p2539127687.jpg
27,大黄蜂 Bumblebee,2018,特拉维斯·奈特,克里斯蒂娜·霍德森,海莉·斯坦菲尔德/小豪尔赫·兰登伯格/约翰·塞纳/杰森·德鲁克/帕梅拉·阿德龙/斯蒂芬·施耐德/里卡多·霍约斯/约翰·奥提兹/格林·特鲁曼/兰·卡琉/格蕾丝·达斯恩妮/弗里德·杜莱尔/蓝尼·雅各布森 /梅金·普莱斯/萨钦·巴特/蒂姆·马丁·格里森/安东尼奥·查丽蒂/艾德文·霍德吉/拉斯·斯兰德/迪伦·奥布莱恩/彼特·库伦/安吉拉·贝塞特/贾斯汀·塞洛克斯/大卫·索博洛夫/格蕾·德丽斯勒/史蒂夫·布卢姆/安德鲁·莫尔加多/威廉·W·巴伯/罗伯特·切斯纳特/米歇尔·方/克里斯蒂安·哈切森/里克·理查森/瓦内萨·罗斯/波士顿·拉什·弗里曼/托尼·托斯特/迪娜·特鲁迪/艾蒂安·维克,动作/科幻/冒险,,114分钟,2019-01-04(中国大陆)/2018-12-21(美国), 美国 / 中国大陆, 英语,325395.0,7.0,11.4%,38.1%,42.2%,7.2%,1.1%,91458.0,1300.0,https://img9.doubanio.com/view/photo/s_ratio_poster/public/p2541662397.jpg
28,网络谜踪 Searching,2018,阿尼什·查甘蒂,阿尼什·查甘蒂/赛弗·奥哈尼安,约翰·赵/米切尔·拉/黛博拉·梅辛/约瑟夫·李/萨拉·米博·孙/亚历克丝·杰恩·高/刘玥辰/刘卡雅/多米尼克·霍夫曼/西尔维亚·米纳西安/梅丽莎·迪斯尼/康纳·麦克雷斯/科林·伍德尔/约瑟夫·约翰·谢尔勒/阿什丽·艾德纳/考特尼·劳伦·卡明斯/托马斯·巴布萨卡/朱莉·内桑森/罗伊·阿布拉姆森/盖奇·比尔托福/肖恩·奥布赖恩/瑞克·萨拉比亚/布拉德·阿布瑞尔/加布里埃尔·D·安吉尔,剧情/悬疑/惊悚/犯罪,工程师大卫·金（约翰·赵 饰）一直引以为傲的16岁乖女玛戈特突然失踪。前来调查此案的警探怀疑女儿离家出走。不满这一结论的父亲为了寻找真相，独自展开调查。他打开了女儿的笔记本电脑，用社交软件开始寻找破案线索。大卫必须在女儿消失之前，沿着她在虚拟世界的足迹找到她…,102分钟,2018-12-14(中国大陆)/2018-01-20(圣丹斯电影节)/2018-08-24(美国), 美国 / 俄罗斯, 英语,393575.0,8.6,40.1%,48.7%,10.6%,0.5%,0.1%,103634.0,964.0,https://img9.doubanio.com/view/photo/s_ratio_poster/public/p2542848758.jpg
