27046450,我的爸爸是森林之王,https://movie.douban.com/subject/27046450/,0
1584991,午夜凶铃3(美版),https://movie.douban.com/subject/1584991/,0
26921827,大卫贝肯之倒霉特工熊,https://movie.douban.com/subject/26921827/,0
26410683,赛马皮特,https://movie.douban.com/subject/26410683/,0
27030640,卖房子的女人：回来了,https://movie.douban.com/subject/27030640/,0
26873577,昼行闪耀的流星,https://movie.douban.com/subject/26873577/,0
27160688,秦时明月之医者入世,https://movie.douban.com/subject/27160688/,0
26287783,不期而遇,https://movie.douban.com/subject/26287783/,0
26578144,他们先杀了我父亲：一个柬埔寨女儿的回忆录,https://movie.douban.com/subject/26578144/,0
27157811,死于明日,https://movie.douban.com/subject/27157811/,0
6873655,美国刺客,https://movie.douban.com/subject/6873655/,0
26774014,岸边露伴一动不动 富豪村,https://movie.douban.com/subject/26774014/,0
27205168,留夏,https://movie.douban.com/subject/27205168/,0
26627754,普通女人,https://movie.douban.com/subject/26627754/,0
26926304,摇曳的心,https://movie.douban.com/subject/26926304/,0
26852888,关原之战,https://movie.douban.com/subject/26852888/,0
26932875,今天开始世界属于你,https://movie.douban.com/subject/26932875/,0
27011205,圣诞奇妙公司,https://movie.douban.com/subject/27011205/,0
10460270,JOJO的奇妙冒险：不灭钻石 第一章,https://movie.douban.com/subject/10460270/,0
26788605,P与JK,https://movie.douban.com/subject/26788605/,0
25863024,仙球大战,https://movie.douban.com/subject/25863024/,0
26729194,那般良夜,https://movie.douban.com/subject/26729194/,0
26748877,3月的狮子 后篇,https://movie.douban.com/subject/26748877/,0
26698601,快乐结局,https://movie.douban.com/subject/26698601/,0
26899030,光,https://movie.douban.com/subject/26899030/,0
26969054,月与雷,https://movie.douban.com/subject/26969054/,0
25850715,虐杀器官,https://movie.douban.com/subject/25850715/,0
26924069,欧布奥特曼：请借给我纽带的力量！,https://movie.douban.com/subject/26924069/,0
26790194,苏州少年横漂记,https://movie.douban.com/subject/26790194/,0
26930375,凭空而来,https://movie.douban.com/subject/26930375/,0
27012772,骑士,https://movie.douban.com/subject/27012772/,0
26864413,莫茜,https://movie.douban.com/subject/26864413/,0
26806780,忍之国,https://movie.douban.com/subject/26806780/,0
26877505,空白的13年,https://movie.douban.com/subject/26877505/,0
26979026,蝙蝠侠与哈莉·奎恩,https://movie.douban.com/subject/26979026/,0
27072615,杀瓜,https://movie.douban.com/subject/27072615/,0
26961002,常在你左右,https://movie.douban.com/subject/26961002/,0
27029395,相亲风云录,https://movie.douban.com/subject/27029395/,0
27157793,顽皮的女朋友,https://movie.douban.com/subject/27157793/,0
26841305,那年八岁,https://movie.douban.com/subject/26841305/,0
26315728,贤妻,https://movie.douban.com/subject/26315728/,0
26372319,性别之战,https://movie.douban.com/subject/26372319/,0
26870196,散步的侵略者,https://movie.douban.com/subject/26870196/,0
27032352,女生宿舍,https://movie.douban.com/subject/27032352/,0
26968495,最后的诗句,https://movie.douban.com/subject/26968495/,0
26785590,无爱可诉,https://movie.douban.com/subject/26785590/,0
26357441,亨利之书,https://movie.douban.com/subject/26357441/,0
26965856,双生薄荷,https://movie.douban.com/subject/26965856/,0
26887031,重返17岁,https://movie.douban.com/subject/26887031/,0
26974725,火花,https://movie.douban.com/subject/26974725/,0
27602185,再见路星河,https://movie.douban.com/subject/27602185/,0
27108373,密室逃脱,https://movie.douban.com/subject/27108373/,0
26745334,游戏规则,https://movie.douban.com/subject/26745334/,0
26996783,大嫂,https://movie.douban.com/subject/26996783/,0
27025158,芭蕾芭蕾,https://movie.douban.com/subject/27025158/,0
27002761,浓情酒乡,https://movie.douban.com/subject/27002761/,0
27004088,夫妻之间,https://movie.douban.com/subject/27004088/,0
27018320,美女与猎犬,https://movie.douban.com/subject/27018320/,0
26844764,困斗99号囚室,https://movie.douban.com/subject/26844764/,0
26430195,巧巧,https://movie.douban.com/subject/26430195/,0
34833648,2017年中央电视台中秋晚会,https://movie.douban.com/subject/34833648/,0
26919026,机动战士高达THE ORIGIN V 激战 鲁姆战役篇,https://movie.douban.com/subject/26919026/,0
27072640,为美好的世界献上祝福! 第二季 OAD,https://movie.douban.com/subject/27072640/,0
27011436,西蒙·里夫哥伦比亚之旅,https://movie.douban.com/subject/27011436/,0
26754512,肥皂泡,https://movie.douban.com/subject/26754512/,0
27109435,最后一件外套,https://movie.douban.com/subject/27109435/,0
26909423,路过未来,https://movie.douban.com/subject/26909423/,0
24325829,电力之战,https://movie.douban.com/subject/24325829/,0
26838395,真事改编,https://movie.douban.com/subject/26838395/,0
26901393,7号室,https://movie.douban.com/subject/26901393/,0
26615739,炎夏之夜,https://movie.douban.com/subject/26615739/,0
27203758,维多利亚的秘密2017时装秀,https://movie.douban.com/subject/27203758/,0
26873005,鲁邦三世：血烟的石川五右卫门,https://movie.douban.com/subject/26873005/,0
27000006,男子游泳部特别版：各就各位,https://movie.douban.com/subject/27000006/,0
26656655,怪奇秀,https://movie.douban.com/subject/26656655/,0
3217166,消失的西德尼·豪尔,https://movie.douban.com/subject/3217166/,0
26933356,无巧不成婚,https://movie.douban.com/subject/26933356/,0
26878881,魔法少女伊莉雅：雪下的誓言,https://movie.douban.com/subject/26878881/,0
26903992,鬼话怪谈·祥云寺,https://movie.douban.com/subject/26903992/,0
27040349,二次初恋,https://movie.douban.com/subject/27040349/,0
34822490,爱与荣耀的传奇：祗园生活,https://movie.douban.com/subject/34822490/,0
26981958,路易·C·K 二〇一七,https://movie.douban.com/subject/26981958/,0
27025999,干物妹！小埋 OAD2,https://movie.douban.com/subject/27025999/,0
26990725,午夜巴士,https://movie.douban.com/subject/26990725/,0
26929038,在哥伦布,https://movie.douban.com/subject/26929038/,0
26801782,缉枪,https://movie.douban.com/subject/26801782/,0
26834122,爱，不由自主,https://movie.douban.com/subject/26834122/,0
27025637,时间去哪儿了,https://movie.douban.com/subject/27025637/,0
26430516,空难余波,https://movie.douban.com/subject/26430516/,0
26759783,救僵清道夫,https://movie.douban.com/subject/26759783/,0
26946197,梅格雷的十字路口之夜,https://movie.douban.com/subject/26946197/,0
26765233,井之头恩赐公园,https://movie.douban.com/subject/26765233/,0
27025987,兄弟,https://movie.douban.com/subject/27025987/,0
26857170,西谎极落之太爆太子太空舱,https://movie.douban.com/subject/26857170/,0
26391913,沉默,https://movie.douban.com/subject/26391913/,0
27069412,虽说是未成年，但可不是小孩哟,https://movie.douban.com/subject/27069412/,0
7065160,内裤队长,https://movie.douban.com/subject/7065160/,0
26687241,仓皇一夜,https://movie.douban.com/subject/26687241/,0
26761256,钢之炼金术师,https://movie.douban.com/subject/26761256/,0
27130415,小林家的龙女仆 OVA,https://movie.douban.com/subject/27130415/,0
26994791,莫扎特传,https://movie.douban.com/subject/26994791/,0
27047917,心律失常,https://movie.douban.com/subject/27047917/,0
26176481,小马宝莉大电影,https://movie.douban.com/subject/26176481/,0
2024966,少年泰坦：犹大契约,https://movie.douban.com/subject/2024966/,0
27041519,哀乐女子天团,https://movie.douban.com/subject/27041519/,0
26755583,西尔玛,https://movie.douban.com/subject/26755583/,0
26868408,黄金花,https://movie.douban.com/subject/26868408/,0
26908293,第89届奥斯卡颁奖典礼,https://movie.douban.com/subject/26908293/,0
2338070,绝命时钟2:22,https://movie.douban.com/subject/2338070/,0
22266475,惊天解密,https://movie.douban.com/subject/22266475/,0
26751930,春&夏事件簿,https://movie.douban.com/subject/26751930/,0
26916228,傻哥的逆袭,https://movie.douban.com/subject/26916228/,0
26994755,吹响悠风号剧场版：想要传达的旋律,https://movie.douban.com/subject/26994755/,0
26638885,最后的话,https://movie.douban.com/subject/26638885/,0
27126713,负罪少女,https://movie.douban.com/subject/27126713/,0
26726261,丛林,https://movie.douban.com/subject/26726261/,0
25884712,沙堡,https://movie.douban.com/subject/25884712/,0
26919823,向阳之处必有声,https://movie.douban.com/subject/26919823/,0
27617284,2018江苏卫视跨年演唱会,https://movie.douban.com/subject/27617284/,0
26635323,无限之住人,https://movie.douban.com/subject/26635323/,0
6854414,歌声不绝,https://movie.douban.com/subject/6854414/,0
26816087,兄弟，别闹！,https://movie.douban.com/subject/26816087/,0
27000173,渊子崖保卫战,https://movie.douban.com/subject/27000173/,0
34784803,2017年中央电视台六一晚会,https://movie.douban.com/subject/34784803/,0
27144868,排球少年剧场版：观念之战,https://movie.douban.com/subject/27144868/,0
27009738,年轻女子,https://movie.douban.com/subject/27009738/,0
26575145,坚强,https://movie.douban.com/subject/26575145/,0
26918602,人狼游戏：爱人,https://movie.douban.com/subject/26918602/,0
27043957,虚拟实惊,https://movie.douban.com/subject/27043957/,0
26992413,1922,https://movie.douban.com/subject/26992413/,0
27103212,靶场,https://movie.douban.com/subject/27103212/,0
26253783,神奇马戏团之动物饼干,https://movie.douban.com/subject/26253783/,0
25958867,人皮脸,https://movie.douban.com/subject/25958867/,0
27144867,排球少年剧场版：才能与感觉,https://movie.douban.com/subject/27144867/,0
27068887,BORDER 赎罪,https://movie.douban.com/subject/27068887/,0
26611090,夜晚的灵魂,https://movie.douban.com/subject/26611090/,0
26740543,野小子们,https://movie.douban.com/subject/26740543/,0
26715549,单身骑士,https://movie.douban.com/subject/26715549/,0
27165059,芦苇荡的时光,https://movie.douban.com/subject/27165059/,0
27065128,听说爷爷去世了,https://movie.douban.com/subject/27065128/,0
25925764,派对搭讪秘诀,https://movie.douban.com/subject/25925764/,0
25833230,乐高幻影忍者大电影,https://movie.douban.com/subject/25833230/,0
26778069,老爸当家2,https://movie.douban.com/subject/26778069/,0
26635987,浮生梦,https://movie.douban.com/subject/26635987/,0
26870765,暗黑女子,https://movie.douban.com/subject/26870765/,0
26656371,淹没,https://movie.douban.com/subject/26656371/,0
27089293,活尸电梯,https://movie.douban.com/subject/27089293/,0
27166606,月色真美 未放送短篇集,https://movie.douban.com/subject/27166606/,0
26855528,环药房自行车赛,https://movie.douban.com/subject/26855528/,0
26670584,特工次世代,https://movie.douban.com/subject/26670584/,0
26963232,破狱,https://movie.douban.com/subject/26963232/,0
26837951,最后的食谱 麒麟之舌的记忆,https://movie.douban.com/subject/26837951/,0
26872478,第一归正会,https://movie.douban.com/subject/26872478/,0
27067697,冯梦龙传奇,https://movie.douban.com/subject/27067697/,0
26845247,不干了，我开除了黑心公司,https://movie.douban.com/subject/26845247/,0
27007975,关于爱,https://movie.douban.com/subject/27007975/,0
27597020,伏妖白鱼镇,https://movie.douban.com/subject/27597020/,0
26862905,雌猫们,https://movie.douban.com/subject/26862905/,0
26882327,血狼犬,https://movie.douban.com/subject/26882327/,0
21941127,画框里的女人,https://movie.douban.com/subject/21941127/,0
26992694,海平面上升,https://movie.douban.com/subject/26992694/,0
26961684,玛格丽特的春天,https://movie.douban.com/subject/26961684/,0
30034295,文豪野犬 OAD,https://movie.douban.com/subject/30034295/,0
26999992,男子游泳部剧场版：永恒的混合泳之约定,https://movie.douban.com/subject/26999992/,0
26990713,我的上高,https://movie.douban.com/subject/26990713/,0
27129755,人言可畏,https://movie.douban.com/subject/27129755/,0
26708876,助产士,https://movie.douban.com/subject/26708876/,0
27200105,皇室风波,https://movie.douban.com/subject/27200105/,0
26992683,老幸运,https://movie.douban.com/subject/26992683/,0
35052269,异国恋人,https://movie.douban.com/subject/35052269/,0
26879607,羊之树,https://movie.douban.com/subject/26879607/,0
26598291,一条龙,https://movie.douban.com/subject/26598291/,0
26980975,薙刀社青春日记,https://movie.douban.com/subject/26980975/,0
27052289,伪婚男女,https://movie.douban.com/subject/27052289/,0
27101749,作家,https://movie.douban.com/subject/27101749/,0
26952963,新奇,https://movie.douban.com/subject/26952963/,0
10519331,远山恋人,https://movie.douban.com/subject/10519331/,0
26815381,黑夜造访,https://movie.douban.com/subject/26815381/,0
3808583,绑架,https://movie.douban.com/subject/3808583/,0
27135544,女老师,https://movie.douban.com/subject/27135544/,0
26969037,赛尔号大电影6：圣者无敌,https://movie.douban.com/subject/26969037/,0
27168417,地质灾难,https://movie.douban.com/subject/27168417/,0
27104189,敦刻尔克行动,https://movie.douban.com/subject/27104189/,0
26590030,夜闯寡妇村,https://movie.douban.com/subject/26590030/,0
27065665,2017浙江卫视反正都精彩年中盛典,https://movie.douban.com/subject/27065665/,0
27021257,天使在美国第一部：千禧年降临,https://movie.douban.com/subject/27021257/,0
27002620,戴夫·施佩尔：天旋地转的时代,https://movie.douban.com/subject/27002620/,0
26999991,男子游泳部剧场版：永恒的混合泳之羁绊,https://movie.douban.com/subject/26999991/,0
27018299,方向,https://movie.douban.com/subject/27018299/,0
26605028,幸福路上,https://movie.douban.com/subject/26605028/,0
26814623,生在幼子,https://movie.douban.com/subject/26814623/,0
26825658,布里斯比熊,https://movie.douban.com/subject/26825658/,0
27021883,无人注视,https://movie.douban.com/subject/27021883/,0
27012010,梅格雷在蒙马特,https://movie.douban.com/subject/27012010/,0
27607136,炸弹之城,https://movie.douban.com/subject/27607136/,0
26843352,无处为家,https://movie.douban.com/subject/26843352/,0
26862250,编剧工坊,https://movie.douban.com/subject/26862250/,0
27063380,爱砸了,https://movie.douban.com/subject/27063380/,0
26949321,那些爱人,https://movie.douban.com/subject/26949321/,0
26954690,猫咪后院之家,https://movie.douban.com/subject/26954690/,0
